year	month	day	DateTime	AreaTypeCode	AreaName	MapCode	ProductionType_Name	AggregatedInstalledCapacity	SubmissionTS
2016	1	1	2016-01-01 00:00:00.000	BZN	MAVIR BZ	HU	Wind Onshore 	328.25	2016-07-15 08:09:42.000
2016	1	1	2016-01-01 00:00:00.000	CTY	Hungary	HU	Wind Onshore 	328.25	2016-07-15 08:09:42.000
2016	1	1	2016-01-01 00:00:00.000	BZN	TenneT NL BZ	NL	Biomass 	398.00	2016-07-15 08:10:31.000
2016	1	1	2016-01-01 00:00:00.000	CTY	Netherlands	NL	Biomass 	398.00	2016-07-15 08:10:31.000
2016	1	1	2016-01-01 00:00:00.000	BZN	TenneT NL BZ	NL	Fossil Peat 	0.00	2016-07-15 08:10:38.000
2016	1	1	2016-01-01 00:00:00.000	CTY	Austria	AT	Other 	22.80	2016-12-21 09:29:30.000
2016	1	1	2016-01-01 00:00:00.000	CTA	Energinet CA	DK	Hydro Run-of-river and poundage 	9.00	2016-07-15 08:05:01.000
2016	1	1	2016-01-01 00:00:00.000	CTA	Energinet CA	DK	Fossil Oil 	1051.00	2016-07-15 08:05:01.000
2016	1	1	2016-01-01 00:00:00.000	CTA	50Hertz CA	DE_50HzT	Hydro Run-of-river and poundage 	155.00	2017-08-31 12:44:34.000
2016	1	1	2016-01-01 00:00:00.000	BZN	NO4 BZ	NO4	Fossil Gas 	270.20	2017-03-09 15:31:40.000
2016	1	1	2016-01-01 00:00:00.000	BZN	NO4 BZ	NO4	Hydro Run-of-river and poundage 	14.90	2017-03-09 15:31:40.000
2016	1	1	2016-01-01 00:00:00.000	BZN	NO4 BZ	NO4	Wind Onshore 	250.80	2017-03-09 15:31:40.000
2016	1	1	2016-01-01 00:00:00.000	BZN	NO4 BZ	NO4	Hydro Water Reservoir 	4705.00	2017-03-09 15:31:40.000
2016	1	1	2016-01-01 00:00:00.000	BZN	NO4 BZ	NO4	Other 	0.00	2017-03-09 15:31:40.000
2016	1	1	2016-01-01 00:00:00.000	BZN	IPTO BZ	GR	Biomass 	51.00	2016-10-03 07:02:44.000
2016	1	1	2016-01-01 00:00:00.000	BZN	IPTO BZ	GR	Geothermal 	0.00	2016-10-03 07:02:44.000
2016	1	1	2016-01-01 00:00:00.000	CTY	Greece	GR	Biomass 	51.00	2016-10-03 07:02:44.000
2016	1	1	2016-01-01 00:00:00.000	CTY	Greece	GR	Geothermal 	0.00	2016-10-03 07:02:44.000
2016	1	1	2016-01-01 00:00:00.000	CTA	TenneT GER CA	DE_TenneT_GER	Fossil Coal-derived gas 	0.00	2017-09-25 12:00:48.000
2016	1	1	2016-01-01 00:00:00.000	CTY	Montenegro	ME	Fossil Hard coal 	210.00	2016-07-15 08:06:44.000
2016	1	1	2016-01-01 00:00:00.000	BZN	CGES BZ	ME	Fossil Hard coal 	210.00	2016-07-15 08:06:44.000
2016	1	1	2016-01-01 00:00:00.000	BZN	swissgrid BZ	CH	Nuclear 	3375.00	2016-07-15 08:07:19.000
2016	1	1	2016-01-01 00:00:00.000	CTY	Switzerland	CH	Nuclear 	3375.00	2016-07-15 08:07:19.000
2016	1	1	2016-01-01 00:00:00.000	BZN	REE BZ	ES	Biomass 	704.50	2016-07-15 08:08:42.000
2016	1	1	2016-01-01 00:00:00.000	CTY	Spain	ES	Biomass 	704.50	2016-07-15 08:08:42.000
2016	1	1	2016-01-01 00:00:00.000	BZN	REE BZ	ES	Fossil Oil shale 	0.00	2016-07-15 08:08:48.000
2016	1	1	2016-01-01 00:00:00.000	CTY	Spain	ES	Fossil Oil shale 	0.00	2016-07-15 08:08:48.000
2016	1	1	2016-01-01 00:00:00.000	CTY	Finland	FI	Biomass 	1534.00	2016-07-15 08:08:59.000
2016	1	1	2016-01-01 00:00:00.000	BZN	REE BZ	ES	Other 	102.60	2016-07-15 08:08:59.000
2016	1	1	2016-01-01 00:00:00.000	CTY	Spain	ES	Other 	102.60	2016-07-15 08:08:59.000
2016	1	1	2016-01-01 00:00:00.000	BZN	Fingrid BZ	FI	Biomass 	1534.00	2016-07-15 08:08:59.000
2016	1	1	2016-01-01 00:00:00.000	BZN	MAVIR BZ	HU	Fossil Gas 	4124.46	2016-07-15 08:09:37.000
2016	1	1	2016-01-01 00:00:00.000	BZN	MAVIR BZ	HU	Fossil Brown coal/Lignite 	1006.53	2016-07-15 08:09:37.000
2016	1	1	2016-01-01 00:00:00.000	CTY	Hungary	HU	Fossil Brown coal/Lignite 	1006.53	2016-07-15 08:09:37.000
2016	1	1	2016-01-01 00:00:00.000	CTY	Hungary	HU	Fossil Gas 	4124.46	2016-07-15 08:09:37.000
2016	1	1	2016-01-01 00:00:00.000	CTY	Lithuania	LT	Wind Onshore 	366.00	2016-07-15 08:10:04.000
2016	1	1	2016-01-01 00:00:00.000	BZN	Litgrid BZ	LT	Wind Onshore 	366.00	2016-07-15 08:10:04.000
2016	1	1	2016-01-01 00:00:00.000	CTY	Sweden	SE	Nuclear 	8890.00	2016-07-15 08:11:16.000
2016	1	1	2016-01-01 00:00:00.000	CTY	Sweden	SE	Wind Onshore 	5493.00	2016-07-15 08:11:16.000
2016	1	1	2016-01-01 00:00:00.000	CTA	CREOS CA	LU	Hydro Pumped Storage 	0.00	2017-06-27 11:36:21.000
2016	1	1	2016-01-01 00:00:00.000	CTA	CREOS CA	LU	Marine 	0.00	2017-06-27 11:36:21.000
2016	1	1	2016-01-01 00:00:00.000	CTA	CREOS CA	LU	Solar 	1.00	2017-06-27 11:36:21.000
2016	1	1	2016-01-01 00:00:00.000	CTA	CREOS CA	LU	Waste 	21.00	2017-06-27 11:36:21.000
2016	1	1	2016-01-01 00:00:00.000	CTA	CREOS CA	LU	Fossil Hard coal 	0.00	2017-06-27 11:36:21.000
2016	1	1	2016-01-01 00:00:00.000	CTA	CREOS CA	LU	Hydro Water Reservoir 	11.00	2017-06-27 11:36:21.000
2016	1	1	2016-01-01 00:00:00.000	CTA	CREOS CA	LU	Fossil Oil shale 	0.00	2017-06-27 11:36:21.000
2016	1	1	2016-01-01 00:00:00.000	CTA	CREOS CA	LU	Fossil Coal-derived gas 	0.00	2017-06-27 11:36:21.000
2016	1	1	2016-01-01 00:00:00.000	CTA	CREOS CA	LU	Fossil Oil 	0.00	2017-06-27 11:36:21.000
2016	1	1	2016-01-01 00:00:00.000	CTA	CREOS CA	LU	Fossil Brown coal/Lignite 	0.00	2017-06-27 11:36:21.000
2016	1	1	2016-01-01 00:00:00.000	CTA	CREOS CA	LU	Fossil Peat 	0.00	2017-06-27 11:36:21.000
2016	1	1	2016-01-01 00:00:00.000	CTA	CREOS CA	LU	Hydro Run-of-river and poundage 	25.00	2017-06-27 11:36:21.000
2016	1	1	2016-01-01 00:00:00.000	CTA	CREOS CA	LU	Other renewable 	0.00	2017-06-27 11:36:21.000
2016	1	1	2016-01-01 00:00:00.000	CTA	CREOS CA	LU	Wind Offshore 	0.00	2017-06-27 11:36:21.000
2016	1	1	2016-01-01 00:00:00.000	CTA	CREOS CA	LU	Geothermal 	0.00	2017-06-27 11:36:21.000
2016	1	1	2016-01-01 00:00:00.000	CTA	CREOS CA	LU	Nuclear 	0.00	2017-06-27 11:36:21.000
2016	1	1	2016-01-01 00:00:00.000	CTA	CREOS CA	LU	Fossil Gas 	73.00	2017-06-27 11:36:21.000
2016	1	1	2016-01-01 00:00:00.000	CTA	CREOS CA	LU	Wind Onshore 	124.00	2017-06-27 11:36:21.000
2016	1	1	2016-01-01 00:00:00.000	CTA	CREOS CA	LU	Biomass 	2.00	2017-06-27 11:36:21.000
2016	1	1	2016-01-01 00:00:00.000	CTA	50Hertz CA	DE_50HzT	Hydro Pumped Storage 	2793.00	2016-06-03 13:46:31.000
2016	1	1	2016-01-01 00:00:00.000	CTY	Estonia	EE	Fossil Coal-derived gas 	86.00	2016-07-15 08:05:27.000
2016	1	1	2016-01-01 00:00:00.000	CTY	Estonia	EE	Fossil Gas 	119.00	2016-07-15 08:05:27.000
2016	1	1	2016-01-01 00:00:00.000	CTY	Estonia	EE	Fossil Oil 	0.00	2016-07-15 08:05:27.000
2016	1	1	2016-01-01 00:00:00.000	BZN	Elering BZ	EE	Fossil Coal-derived gas 	86.00	2016-07-15 08:05:27.000
2016	1	1	2016-01-01 00:00:00.000	BZN	Elering BZ	EE	Fossil Oil 	0.00	2016-07-15 08:05:27.000
2016	1	1	2016-01-01 00:00:00.000	BZN	Elering BZ	EE	Fossil Gas 	119.00	2016-07-15 08:05:27.000
2016	1	1	2016-01-01 00:00:00.000	BZN	PSE SA BZ	PL	Fossil Gas 	1302.07	2016-07-15 08:10:47.000
2016	1	1	2016-01-01 00:00:00.000	CTY	Poland	PL	Fossil Gas 	1302.07	2016-07-15 08:10:47.000
2016	1	1	2016-01-01 00:00:00.000	BZN	Transelectrica BZ	RO	Hydro Water Reservoir 	4006.00	2016-07-15 08:11:10.000
2016	1	1	2016-01-01 00:00:00.000	CTY	Romania	RO	Hydro Water Reservoir 	4006.00	2016-07-15 08:11:10.000
2016	1	1	2016-01-01 00:00:00.000	CTY	Germany	DE	Nuclear 	10952.00	2017-11-10 11:00:30.000
2016	1	1	2016-01-01 00:00:00.000	CTY	Germany	DE	Solar 	38840.46	2017-11-10 11:00:30.000
2016	1	1	2016-01-01 00:00:00.000	BZN	DE-AT-LU	DE_AT_LU	Nuclear 	10952.00	2017-11-10 11:00:30.000
2016	1	1	2016-01-01 00:00:00.000	BZN	DE-AT-LU	DE_AT_LU	Solar 	39564.46	2017-11-10 11:00:30.000
2016	1	1	2016-01-01 00:00:00.000	BZN	Transelectrica BZ	RO	Solar 	1152.00	2016-07-15 08:11:13.000
2016	1	1	2016-01-01 00:00:00.000	CTY	Romania	RO	Solar 	1152.00	2016-07-15 08:11:13.000
2016	1	1	2016-01-01 00:00:00.000	BZN	Transelectrica BZ	RO	Wind Onshore 	2938.00	2016-07-15 08:11:14.000
2016	1	1	2016-01-01 00:00:00.000	CTY	Romania	RO	Wind Onshore 	2938.00	2016-07-15 08:11:14.000
2016	1	1	2016-01-01 00:00:00.000	CTY	Luxembourg	LU	Nuclear 	0.00	2017-06-27 11:36:32.000
2016	1	1	2016-01-01 00:00:00.000	CTY	Luxembourg	LU	Marine 	0.00	2017-06-27 11:36:32.000
2016	1	1	2016-01-01 00:00:00.000	CTY	Luxembourg	LU	Biomass 	2.00	2017-06-27 11:36:32.000
2016	1	1	2016-01-01 00:00:00.000	CTY	Luxembourg	LU	Fossil Gas 	73.00	2017-06-27 11:36:32.000
2016	1	1	2016-01-01 00:00:00.000	CTY	Germany	DE	Wind Onshore 	41179.46	2017-11-10 11:00:29.000
2016	1	1	2016-01-01 00:00:00.000	CTY	Germany	DE	Hydro Pumped Storage 	8567.00	2017-11-10 11:00:29.000
2016	1	1	2016-01-01 00:00:00.000	CTY	Germany	DE	Marine 	0.00	2017-11-10 11:00:29.000
2016	1	1	2016-01-01 00:00:00.000	CTY	Germany	DE	Hydro Run-of-river and poundage 	3749.00	2017-11-10 11:00:29.000
2016	1	1	2016-01-01 00:00:00.000	CTY	Germany	DE	Fossil Coal-derived gas 	73.00	2017-11-10 11:00:29.000
2016	1	1	2016-01-01 00:00:00.000	BZN	DE-AT-LU	DE_AT_LU	Hydro Run-of-river and poundage 	9348.70	2017-11-10 11:00:29.000
2016	1	1	2016-01-01 00:00:00.000	BZN	DE-AT-LU	DE_AT_LU	Fossil Coal-derived gas 	73.00	2017-11-10 11:00:29.000
2016	1	1	2016-01-01 00:00:00.000	BZN	DE-AT-LU	DE_AT_LU	Hydro Pumped Storage 	11538.10	2017-11-10 11:00:29.000
2016	1	1	2016-01-01 00:00:00.000	BZN	DE-AT-LU	DE_AT_LU	Marine 	0.00	2017-11-10 11:00:29.000
2016	1	1	2016-01-01 00:00:00.000	BZN	DE-AT-LU	DE_AT_LU	Wind Onshore 	43800.86	2017-11-10 11:00:29.000
2016	1	1	2016-01-01 00:00:00.000	CTA	MAVIR CA	HU	Fossil Brown coal/Lignite 	1006.53	2016-02-26 11:01:07.000
2016	1	1	2016-01-01 00:00:00.000	CTA	MAVIR CA	HU	Hydro Water Reservoir 	28.00	2016-02-26 11:01:07.000
2016	1	1	2016-01-01 00:00:00.000	CTA	MAVIR CA	HU	Wind Onshore 	328.25	2016-02-26 11:01:07.000
2016	1	1	2016-01-01 00:00:00.000	CTA	MAVIR CA	HU	Nuclear 	1886.79	2016-02-26 11:01:07.000
2016	1	1	2016-01-01 00:00:00.000	CTA	MAVIR CA	HU	Solar 	29.07	2016-02-26 11:01:07.000
2016	1	1	2016-01-01 00:00:00.000	CTA	MAVIR CA	HU	Fossil Gas 	4124.46	2016-02-26 11:01:07.000
2016	1	1	2016-01-01 00:00:00.000	CTA	MAVIR CA	HU	Hydro Run-of-river and poundage 	28.98	2016-02-26 11:01:07.000
2016	1	1	2016-01-01 00:00:00.000	CTA	MAVIR CA	HU	Biomass 	245.95	2016-02-26 11:01:07.000
2016	1	1	2016-01-01 00:00:00.000	CTA	MAVIR CA	HU	Other renewable 	59.70	2016-02-26 11:01:07.000
2016	1	1	2016-01-01 00:00:00.000	CTA	MAVIR CA	HU	Waste 	28.10	2016-02-26 11:01:07.000
2016	1	1	2016-01-01 00:00:00.000	CTA	MAVIR CA	HU	Fossil Oil 	410.00	2016-02-26 11:01:07.000
2016	1	1	2016-01-01 00:00:00.000	CTY	Serbia	RS	Hydro Run-of-river and poundage 	1883.00	2016-12-26 10:04:28.000
2016	1	1	2016-01-01 00:00:00.000	CTY	Serbia	RS	Other 	403.00	2016-12-26 10:04:28.000
2016	1	1	2016-01-01 00:00:00.000	CTY	Serbia	RS	Hydro Pumped Storage 	614.00	2016-12-26 10:04:28.000
2016	1	1	2016-01-01 00:00:00.000	BZN	EMS BZ	RS	Fossil Brown coal/Lignite 	5566.00	2016-12-26 10:04:28.000
2016	1	1	2016-01-01 00:00:00.000	BZN	EMS BZ	RS	Hydro Water Reservoir 	420.00	2016-12-26 10:04:28.000
2016	1	1	2016-01-01 00:00:00.000	BZN	EMS BZ	RS	Hydro Run-of-river and poundage 	1883.00	2016-12-26 10:04:28.000
2016	1	1	2016-01-01 00:00:00.000	BZN	EMS BZ	RS	Other 	403.00	2016-12-26 10:04:28.000
2016	1	1	2016-01-01 00:00:00.000	BZN	EMS BZ	RS	Hydro Pumped Storage 	614.00	2016-12-26 10:04:28.000
2016	1	1	2016-01-01 00:00:00.000	CTY	Finland	FI	Nuclear 	2782.00	2016-07-15 08:09:03.000
2016	1	1	2016-01-01 00:00:00.000	BZN	Fingrid BZ	FI	Nuclear 	2782.00	2016-07-15 08:09:03.000
2016	1	1	2016-01-01 00:00:00.000	CTA	50Hertz CA	DE_50HzT	Other renewable 	76.83	2016-06-03 13:47:41.000
2016	1	1	2016-01-01 00:00:00.000	CTA	50Hertz CA	DE_50HzT	Other 	632.00	2016-06-03 13:52:39.000
2016	1	1	2016-01-01 00:00:00.000	CTY	Denmark	DK	Fossil Hard coal 	4847.00	2016-07-15 08:05:00.000
2016	1	1	2016-01-01 00:00:00.000	CTY	Denmark	DK	Fossil Gas 	2941.00	2016-07-15 08:05:00.000
2016	1	1	2016-01-01 00:00:00.000	CTA	Energinet CA	DK	Fossil Gas 	2941.00	2016-07-15 08:05:00.000
2016	1	1	2016-01-01 00:00:00.000	CTA	Energinet CA	DK	Fossil Hard coal 	4847.00	2016-07-15 08:05:00.000
2016	1	1	2016-01-01 00:00:00.000	CTY	Switzerland	CH	Hydro Pumped Storage 	4178.00	2016-07-15 08:06:50.000
2016	1	1	2016-01-01 00:00:00.000	BZN	swissgrid BZ	CH	Hydro Pumped Storage 	4178.00	2016-07-15 08:06:50.000
2016	1	1	2016-01-01 00:00:00.000	BZN	REE BZ	ES	Waste 	378.40	2016-07-15 08:08:57.000
2016	1	1	2016-01-01 00:00:00.000	BZN	REE BZ	ES	Other renewable 	157.30	2016-07-15 08:08:57.000
2016	1	1	2016-01-01 00:00:00.000	CTY	Spain	ES	Other renewable 	157.30	2016-07-15 08:08:57.000
2016	1	1	2016-01-01 00:00:00.000	CTY	Spain	ES	Waste 	378.40	2016-07-15 08:08:57.000
2016	1	1	2016-01-01 00:00:00.000	CTY	Former Yugoslav Republic of Macedonia	MK	Wind Onshore 	35.00	2016-07-15 08:10:29.000
2016	1	1	2016-01-01 00:00:00.000	BZN	MEPSO BZ	MK	Wind Onshore 	35.00	2016-07-15 08:10:29.000
2016	1	1	2016-01-01 00:00:00.000	BZN	Transelectrica BZ	RO	Fossil Gas 	4879.00	2016-07-15 08:11:06.000
2016	1	1	2016-01-01 00:00:00.000	BZN	Transelectrica BZ	RO	Fossil Hard coal 	1348.00	2016-07-15 08:11:06.000
2016	1	1	2016-01-01 00:00:00.000	CTY	Romania	RO	Fossil Hard coal 	1348.00	2016-07-15 08:11:06.000
2016	1	1	2016-01-01 00:00:00.000	CTY	Romania	RO	Fossil Gas 	4879.00	2016-07-15 08:11:06.000
2016	1	1	2016-01-01 00:00:00.000	BZN	Transelectrica BZ	RO	Nuclear 	1298.00	2016-07-15 08:11:11.000
2016	1	1	2016-01-01 00:00:00.000	CTY	Romania	RO	Nuclear 	1298.00	2016-07-15 08:11:11.000
2016	1	1	2016-01-01 00:00:00.000	BZN	Elia BZ	BE	Biomass 	709.53	2016-11-16 10:38:33.000
2016	1	1	2016-01-01 00:00:00.000	BZN	Elia BZ	BE	Wind Offshore 	712.20	2016-11-16 10:38:33.000
2016	1	1	2016-01-01 00:00:00.000	CTY	Belgium	BE	Wind Offshore 	712.20	2016-11-16 10:38:33.000
2016	1	1	2016-01-01 00:00:00.000	CTY	Belgium	BE	Biomass 	709.53	2016-11-16 10:38:33.000
2016	1	1	2016-01-01 00:00:00.000	CTY	Germany	DE	Biomass 	6813.60	2017-11-10 11:00:23.000
2016	1	1	2016-01-01 00:00:00.000	CTY	Germany	DE	Other 	3489.00	2017-11-10 11:00:23.000
2016	1	1	2016-01-01 00:00:00.000	CTA	CEPS CA	CZ	Wind Onshore 	277.00	2016-04-04 10:32:13.000
2016	1	1	2016-01-01 00:00:00.000	CTA	MEPSO CA	MK	Hydro Water Reservoir 	506.00	2016-01-24 11:20:27.000
2016	1	1	2016-01-01 00:00:00.000	CTA	MEPSO CA	MK	Wind Onshore 	35.00	2016-01-24 11:20:27.000
2016	1	1	2016-01-01 00:00:00.000	CTA	MEPSO CA	MK	Fossil Brown coal/Lignite 	1076.00	2016-01-24 11:20:27.000
2016	1	1	2016-01-01 00:00:00.000	CTA	TenneT GER CA	DE_TenneT_GER	Geothermal 	24.42	2017-08-09 11:13:33.000
2016	1	1	2016-01-01 00:00:00.000	BZN	MAVIR BZ	HU	Hydro Run-of-river and poundage 	28.98	2016-07-15 08:09:39.000
2016	1	1	2016-01-01 00:00:00.000	BZN	MAVIR BZ	HU	Hydro Water Reservoir 	28.00	2016-07-15 08:09:39.000
2016	1	1	2016-01-01 00:00:00.000	CTY	Hungary	HU	Hydro Water Reservoir 	28.00	2016-07-15 08:09:39.000
2016	1	1	2016-01-01 00:00:00.000	CTY	Hungary	HU	Hydro Run-of-river and poundage 	28.98	2016-07-15 08:09:39.000
2016	1	1	2016-01-01 00:00:00.000	CTY	Lithuania	LT	Hydro Run-of-river and poundage 	128.00	2016-07-15 08:10:00.000
2016	1	1	2016-01-01 00:00:00.000	BZN	Litgrid BZ	LT	Hydro Run-of-river and poundage 	128.00	2016-07-15 08:10:00.000
2016	1	1	2016-01-01 00:00:00.000	BZN	TenneT NL BZ	NL	Fossil Brown coal/Lignite 	0.00	2016-07-15 08:10:33.000
2016	1	1	2016-01-01 00:00:00.000	CTY	Netherlands	NL	Fossil Brown coal/Lignite 	0.00	2016-07-15 08:10:33.000
2016	1	1	2016-01-01 00:00:00.000	BZN	TenneT NL BZ	NL	Other renewable 	0.00	2016-07-15 08:10:42.000
2016	1	1	2016-01-01 00:00:00.000	BZN	TenneT NL BZ	NL	Solar 	1429.00	2016-07-15 08:10:42.000
2016	1	1	2016-01-01 00:00:00.000	CTY	Netherlands	NL	Other renewable 	0.00	2016-07-15 08:10:42.000
2016	1	1	2016-01-01 00:00:00.000	CTY	Netherlands	NL	Solar 	1429.00	2016-07-15 08:10:42.000
2016	1	1	2016-01-01 00:00:00.000	BZN	PSE SA BZ	PL	Wind Onshore 	5494.46	2016-07-15 08:10:51.000
2016	1	1	2016-01-01 00:00:00.000	BZN	PSE SA BZ	PL	Solar 	77.25	2016-07-15 08:10:51.000
2016	1	1	2016-01-01 00:00:00.000	CTY	Poland	PL	Wind Onshore 	5494.46	2016-07-15 08:10:51.000
2016	1	1	2016-01-01 00:00:00.000	CTY	Poland	PL	Solar 	77.25	2016-07-15 08:10:51.000
2016	1	1	2016-01-01 00:00:00.000	CTA	REE CA	ES	Fossil Gas 	30295.20	2015-12-15 11:00:06.000
2016	1	1	2016-01-01 00:00:00.000	CTA	REE CA	ES	Fossil Brown coal/Lignite 	1055.70	2015-12-15 11:00:06.000
2016	1	1	2016-01-01 00:00:00.000	CTA	REE CA	ES	Fossil Hard coal 	9410.90	2015-12-15 11:00:06.000
2016	1	1	2016-01-01 00:00:00.000	CTA	REE CA	ES	Waste 	378.40	2015-12-15 11:00:06.000
2016	1	1	2016-01-01 00:00:00.000	CTA	REE CA	ES	Fossil Coal-derived gas 	0.00	2015-12-15 11:00:06.000
2016	1	1	2016-01-01 00:00:00.000	CTA	REE CA	ES	Nuclear 	7572.40	2015-12-15 11:00:06.000
2016	1	1	2016-01-01 00:00:00.000	CTA	REE CA	ES	Hydro Water Reservoir 	19076.30	2015-12-15 11:00:06.000
2016	1	1	2016-01-01 00:00:00.000	CTA	REE CA	ES	Wind Offshore 	0.00	2015-12-15 11:00:06.000
2016	1	1	2016-01-01 00:00:00.000	CTA	REE CA	ES	Biomass 	704.50	2015-12-15 11:00:06.000
2016	1	1	2016-01-01 00:00:00.000	CTA	REE CA	ES	Fossil Oil shale 	0.00	2015-12-15 11:00:06.000
2016	1	1	2016-01-01 00:00:00.000	CTA	REE CA	ES	Hydro Run-of-river and poundage 	1156.30	2015-12-15 11:00:06.000
2016	1	1	2016-01-01 00:00:00.000	CTA	REE CA	ES	Other renewable 	157.30	2015-12-15 11:00:06.000
2016	1	1	2016-01-01 00:00:00.000	CTA	REE CA	ES	Other 	102.60	2015-12-15 11:00:06.000
2016	1	1	2016-01-01 00:00:00.000	CTA	REE CA	ES	Fossil Peat 	0.00	2015-12-15 11:00:06.000
2016	1	1	2016-01-01 00:00:00.000	CTA	REE CA	ES	Hydro Pumped Storage 	5593.40	2015-12-15 11:00:06.000
2016	1	1	2016-01-01 00:00:00.000	CTA	REE CA	ES	Marine 	0.00	2015-12-15 11:00:06.000
2016	1	1	2016-01-01 00:00:00.000	CTA	REE CA	ES	Solar 	6500.30	2015-12-15 11:00:06.000
2016	1	1	2016-01-01 00:00:00.000	CTY	Denmark	DK	Waste 	363.00	2016-07-15 08:05:03.000
2016	1	1	2016-01-01 00:00:00.000	CTA	TenneT GER CA	DE_TenneT_GER	Fossil Oil 	1435.00	2016-06-03 12:28:17.000
2016	1	1	2016-01-01 00:00:00.000	CTA	TenneT GER CA	DE_TenneT_GER	Fossil Brown coal/Lignite 	387.00	2016-06-03 12:28:17.000
2016	1	1	2016-01-01 00:00:00.000	CTA	TenneT GER CA	DE_TenneT_GER	Nuclear 	4180.00	2016-06-03 12:28:17.000
2016	1	1	2016-01-01 00:00:00.000	CTA	TenneT GER CA	DE_TenneT_GER	Fossil Hard coal 	6230.00	2016-06-03 12:28:17.000
2016	1	1	2016-01-01 00:00:00.000	CTA	TenneT GER CA	DE_TenneT_GER	Hydro Water Reservoir 	87.20	2016-06-03 12:28:17.000
2016	1	1	2016-01-01 00:00:00.000	CTA	TenneT GER CA	DE_TenneT_GER	Fossil Oil shale 	0.00	2016-06-03 12:28:17.000
2016	1	1	2016-01-01 00:00:00.000	CTA	TenneT GER CA	DE_TenneT_GER	Other 	383.00	2016-06-03 12:28:17.000
2016	1	1	2016-01-01 00:00:00.000	CTA	TenneT GER CA	DE_TenneT_GER	Fossil Gas 	8536.00	2016-06-03 12:28:17.000
2016	1	1	2016-01-01 00:00:00.000	CTA	TenneT GER CA	DE_TenneT_GER	Hydro Run-of-river and poundage 	1764.00	2016-06-03 12:28:17.000
2016	1	1	2016-01-01 00:00:00.000	CTA	TenneT GER CA	DE_TenneT_GER	Waste 	461.00	2016-06-03 12:28:17.000
2016	1	1	2016-01-01 00:00:00.000	CTA	TenneT GER CA	DE_TenneT_GER	Hydro Pumped Storage 	1229.00	2016-06-03 12:28:17.000
2016	1	1	2016-01-01 00:00:00.000	CTA	TenneT GER CA	DE_TenneT_GER	Marine 	0.00	2016-06-03 12:28:17.000
2016	1	1	2016-01-01 00:00:00.000	CTA	TenneT GER CA	DE_TenneT_GER	Fossil Peat 	0.00	2016-06-03 12:28:17.000
2016	1	1	2016-01-01 00:00:00.000	CTA	50Hertz CA	DE_50HzT	Fossil Hard coal 	3418.00	2016-06-03 13:51:37.000
2016	1	1	2016-01-01 00:00:00.000	CTA	SvK CA	SE	Nuclear 	8890.00	2015-12-08 09:51:43.000
2016	1	1	2016-01-01 00:00:00.000	CTA	swissgrid CA	CH	Nuclear 	3375.00	2016-02-19 10:03:51.000
2016	1	1	2016-01-01 00:00:00.000	CTA	swissgrid CA	CH	Hydro Run-of-river and poundage 	190.00	2016-02-19 10:03:51.000
2016	1	1	2016-01-01 00:00:00.000	CTA	swissgrid CA	CH	Hydro Water Reservoir 	4801.80	2016-02-19 10:03:51.000
2016	1	1	2016-01-01 00:00:00.000	CTA	swissgrid CA	CH	Hydro Pumped Storage 	4178.00	2016-02-19 10:03:51.000
2016	1	1	2016-01-01 00:00:00.000	CTA	EMS CA	RS	Other 	403.00	2016-12-26 10:04:23.000
2016	1	1	2016-01-01 00:00:00.000	CTA	EMS CA	RS	Hydro Water Reservoir 	420.00	2016-12-26 10:04:23.000
2016	1	1	2016-01-01 00:00:00.000	CTA	EMS CA	RS	Hydro Pumped Storage 	614.00	2016-12-26 10:04:23.000
2016	1	1	2016-01-01 00:00:00.000	CTA	EMS CA	RS	Fossil Brown coal/Lignite 	5566.00	2016-12-26 10:04:23.000
2016	1	1	2016-01-01 00:00:00.000	CTA	EMS CA	RS	Hydro Run-of-river and poundage 	1883.00	2016-12-26 10:04:23.000
2016	1	1	2016-01-01 00:00:00.000	CTA	EMS CA	RS	Fossil Gas 	0.00	2016-12-26 10:04:23.000
2016	1	1	2016-01-01 00:00:00.000	BZN	IPTO BZ	GR	Wind Onshore 	1875.00	2016-10-03 07:02:47.000
2016	1	1	2016-01-01 00:00:00.000	CTY	Greece	GR	Wind Onshore 	1875.00	2016-10-03 07:02:47.000
2016	1	1	2016-01-01 00:00:00.000	CTA	Amprion CA	DE_Amprion	Fossil Gas 	12308.00	2017-11-20 07:13:54.000
2016	1	1	2016-01-01 00:00:00.000	CTA	Fingrid CA	FI	Biomass 	1534.00	2015-12-22 07:25:43.000
2016	1	1	2016-01-01 00:00:00.000	BZN	CEPS BZ	CZ	Fossil Oil 	0.00	2016-08-19 12:18:04.000
2016	1	1	2016-01-01 00:00:00.000	CTY	Czech Republic	CZ	Fossil Oil 	0.00	2016-08-19 12:18:04.000
2016	1	1	2016-01-01 00:00:00.000	BZN	CEPS BZ	CZ	Wind Onshore 	277.00	2016-08-19 12:18:15.000
2016	1	1	2016-01-01 00:00:00.000	CTY	Czech Republic	CZ	Wind Onshore 	277.00	2016-08-19 12:18:15.000
2016	1	1	2016-01-01 00:00:00.000	BZN	ELES BZ	SI	Other renewable 	0.00	2017-09-22 12:20:57.000
2016	1	1	2016-01-01 00:00:00.000	BZN	ELES BZ	SI	Hydro Pumped Storage 	180.00	2017-09-22 12:20:57.000
2016	1	1	2016-01-01 00:00:00.000	CTY	Slovenia	SI	Hydro Pumped Storage 	180.00	2017-09-22 12:20:57.000
2016	1	1	2016-01-01 00:00:00.000	CTY	Slovenia	SI	Other renewable 	0.00	2017-09-22 12:20:57.000
2016	1	1	2016-01-01 00:00:00.000	CTY	Bulgaria	BG	Hydro Pumped Storage 	1399.00	2017-05-31 12:36:17.000
2016	1	1	2016-01-01 00:00:00.000	CTY	Bulgaria	BG	Wind Onshore 	701.00	2017-05-31 12:36:17.000
2016	1	1	2016-01-01 00:00:00.000	CTY	Bulgaria	BG	Fossil Gas 	715.00	2017-05-31 12:36:17.000
2016	1	1	2016-01-01 00:00:00.000	BZN	ESO BZ	BG	Fossil Gas 	715.00	2017-05-31 12:36:17.000
2016	1	1	2016-01-01 00:00:00.000	BZN	ESO BZ	BG	Wind Onshore 	701.00	2017-05-31 12:36:17.000
2016	1	1	2016-01-01 00:00:00.000	BZN	ESO BZ	BG	Hydro Pumped Storage 	1399.00	2017-05-31 12:36:17.000
2016	1	1	2016-01-01 00:00:00.000	CTA	Statnett CA	NO	Other 	0.00	2017-03-09 15:35:48.000
2016	1	1	2016-01-01 00:00:00.000	CTA	Statnett CA	NO	Wind Onshore 	872.60	2017-03-09 15:35:48.000
2016	1	1	2016-01-01 00:00:00.000	CTY	Norway	NO	Other 	0.00	2017-03-09 15:35:48.000
2016	1	1	2016-01-01 00:00:00.000	CTY	Norway	NO	Hydro Water Reservoir 	26909.50	2017-03-09 15:35:48.000
2016	1	1	2016-01-01 00:00:00.000	CTY	Norway	NO	Fossil Gas 	1412.40	2017-03-09 15:35:48.000
2016	1	1	2016-01-01 00:00:00.000	CTA	Statnett CA	NO	Fossil Gas 	1412.40	2017-03-09 15:35:48.000
2016	1	1	2016-01-01 00:00:00.000	CTA	Statnett CA	NO	Hydro Water Reservoir 	26909.50	2017-03-09 15:35:48.000
2016	1	1	2016-01-01 00:00:00.000	CTY	Norway	NO	Wind Onshore 	872.60	2017-03-09 15:35:48.000
2016	1	1	2016-01-01 00:00:00.000	CTA	Fingrid CA	FI	Nuclear 	2782.00	2015-12-22 06:55:47.000
2016	1	1	2016-01-01 00:00:00.000	CTA	Fingrid CA	FI	Fossil Peat 	1024.00	2015-12-22 07:01:07.000
2016	1	1	2016-01-01 00:00:00.000	CTA	Elering CA	EE	Fossil Brown coal/Lignite 	0.00	2016-05-25 07:04:39.000
2016	1	1	2016-01-01 00:00:00.000	CTA	Elering CA	EE	Fossil Peat 	0.00	2016-05-25 07:04:39.000
2016	1	1	2016-01-01 00:00:00.000	CTY	France	FR	Hydro Run-of-river and poundage 	10325.50	2016-11-22 10:27:14.000
2016	1	1	2016-01-01 00:00:00.000	CTY	France	FR	Wind Onshore 	1426.00	2016-11-22 10:27:14.000
2016	1	1	2016-01-01 00:00:00.000	BZN	RTE BZ	FR	Wind Onshore 	1426.00	2016-11-22 10:27:14.000
2016	1	1	2016-01-01 00:00:00.000	BZN	RTE BZ	FR	Hydro Run-of-river and poundage 	10325.50	2016-11-22 10:27:14.000
2016	1	1	2016-01-01 00:00:00.000	CTA	Energinet CA	DK	Other renewable 	88.00	2016-07-15 08:05:02.000
2016	1	1	2016-01-01 00:00:00.000	CTY	Denmark	DK	Other renewable 	88.00	2016-07-15 08:05:02.000
2016	1	1	2016-01-01 00:00:00.000	CTY	Spain	ES	Hydro Water Reservoir 	19076.30	2016-07-15 08:08:53.000
2016	1	1	2016-01-01 00:00:00.000	BZN	REE BZ	ES	Hydro Water Reservoir 	19076.30	2016-07-15 08:08:53.000
2016	1	1	2016-01-01 00:00:00.000	CTY	Finland	FI	Wind Onshore 	1082.00	2016-07-15 08:09:05.000
2016	1	1	2016-01-01 00:00:00.000	CTY	Finland	FI	Other 	1305.00	2016-07-15 08:09:05.000
2016	1	1	2016-01-01 00:00:00.000	BZN	Fingrid BZ	FI	Wind Onshore 	1082.00	2016-07-15 08:09:05.000
2016	1	1	2016-01-01 00:00:00.000	CTA	50Hertz CA	DE_50HzT	Fossil Coal-derived gas 	73.00	2017-09-26 12:12:52.000
2016	1	1	2016-01-01 00:00:00.000	BZN	CEPS BZ	CZ	Fossil Coal-derived gas 	380.00	2016-08-19 12:18:01.000
2016	1	1	2016-01-01 00:00:00.000	CTY	Czech Republic	CZ	Fossil Coal-derived gas 	380.00	2016-08-19 12:18:01.000
2016	1	1	2016-01-01 00:00:00.000	BZN	CEPS BZ	CZ	Hydro Run-of-river and poundage 	431.00	2016-08-19 12:18:08.000
2016	1	1	2016-01-01 00:00:00.000	CTY	Czech Republic	CZ	Hydro Run-of-river and poundage 	431.00	2016-08-19 12:18:08.000
2016	1	1	2016-01-01 00:00:00.000	BZN	CEPS BZ	CZ	Waste 	0.00	2016-08-19 12:18:14.000
2016	1	1	2016-01-01 00:00:00.000	CTY	Czech Republic	CZ	Waste 	0.00	2016-08-19 12:18:14.000
2016	1	1	2016-01-01 00:00:00.000	CTA	AST CA	LV	Biomass 	101.67	2015-12-28 10:19:56.000
2016	1	1	2016-01-01 00:00:00.000	CTA	AST CA	LV	Fossil Gas 	1102.91	2015-12-28 10:24:22.000
2016	1	1	2016-01-01 00:00:00.000	CTY	Estonia	EE	Hydro Run-of-river and poundage 	8.00	2016-07-15 08:05:30.000
2016	1	1	2016-01-01 00:00:00.000	CTY	Estonia	EE	Hydro Pumped Storage 	0.00	2016-07-15 08:05:30.000
2016	1	1	2016-01-01 00:00:00.000	BZN	Elering BZ	EE	Hydro Run-of-river and poundage 	8.00	2016-07-15 08:05:30.000
2016	1	1	2016-01-01 00:00:00.000	BZN	Elering BZ	EE	Hydro Pumped Storage 	0.00	2016-07-15 08:05:30.000
2016	1	1	2016-01-01 00:00:00.000	CTY	Finland	FI	Fossil Oil 	893.00	2016-07-15 08:09:01.000
2016	1	1	2016-01-01 00:00:00.000	CTY	Finland	FI	Fossil Hard coal 	3416.00	2016-07-15 08:09:01.000
2016	1	1	2016-01-01 00:00:00.000	CTY	Estonia	EE	Biomass 	77.00	2016-07-15 08:05:25.000
2016	1	1	2016-01-01 00:00:00.000	BZN	Elering BZ	EE	Biomass 	77.00	2016-07-15 08:05:25.000
2016	1	1	2016-01-01 00:00:00.000	CTY	Lithuania	LT	Other renewable 	72.00	2017-01-20 11:39:19.000
2016	1	1	2016-01-01 00:00:00.000	BZN	Litgrid BZ	LT	Other renewable 	72.00	2017-01-20 11:39:19.000
2016	1	1	2016-01-01 00:00:00.000	CTA	Transelectrica CA	RO	Biomass 	95.00	2015-12-23 14:20:10.000
2016	1	1	2016-01-01 00:00:00.000	CTA	Transelectrica CA	RO	Fossil Gas 	4879.00	2015-12-23 14:20:10.000
2016	1	1	2016-01-01 00:00:00.000	CTA	Transelectrica CA	RO	Wind Onshore 	2938.00	2015-12-23 14:20:10.000
2016	1	1	2016-01-01 00:00:00.000	CTA	Transelectrica CA	RO	Solar 	1152.00	2015-12-23 14:20:10.000
2016	1	1	2016-01-01 00:00:00.000	CTA	Transelectrica CA	RO	Fossil Hard coal 	1348.00	2015-12-23 14:20:10.000
2016	1	1	2016-01-01 00:00:00.000	CTA	Transelectrica CA	RO	Nuclear 	1298.00	2015-12-23 14:20:10.000
2016	1	1	2016-01-01 00:00:00.000	CTA	Transelectrica CA	RO	Hydro Run-of-river and poundage 	2697.00	2015-12-23 14:20:10.000
2016	1	1	2016-01-01 00:00:00.000	CTA	Transelectrica CA	RO	Fossil Brown coal/Lignite 	4546.00	2015-12-23 14:20:10.000
2016	1	1	2016-01-01 00:00:00.000	CTA	Transelectrica CA	RO	Hydro Water Reservoir 	4006.00	2015-12-23 14:20:10.000
2016	1	1	2016-01-01 00:00:00.000	CTA	SvK CA	SE	Wind Onshore 	5493.00	2015-12-08 09:53:06.000
2016	1	1	2016-01-01 00:00:00.000	CTY	Serbia	RS	Hydro Water Reservoir 	420.00	2016-12-26 10:04:28.000
2016	1	1	2016-01-01 00:00:00.000	CTY	Serbia	RS	Fossil Brown coal/Lignite 	5566.00	2016-12-26 10:04:28.000
2016	1	1	2016-01-01 00:00:00.000	CTY	Estonia	EE	Fossil Oil shale 	1975.00	2016-07-15 08:05:28.000
2016	1	1	2016-01-01 00:00:00.000	CTY	Estonia	EE	Fossil Hard coal 	0.00	2016-07-15 08:05:28.000
2016	1	1	2016-01-01 00:00:00.000	BZN	Elering BZ	EE	Fossil Hard coal 	0.00	2016-07-15 08:05:28.000
2016	1	1	2016-01-01 00:00:00.000	BZN	Elering BZ	EE	Fossil Oil shale 	1975.00	2016-07-15 08:05:28.000
2016	1	1	2016-01-01 00:00:00.000	CTY	Estonia	EE	Waste 	20.00	2016-07-15 08:05:34.000
2016	1	1	2016-01-01 00:00:00.000	CTY	Estonia	EE	Wind Offshore 	0.00	2016-07-15 08:05:34.000
2016	1	1	2016-01-01 00:00:00.000	CTY	Estonia	EE	Wind Onshore 	375.00	2016-07-15 08:05:34.000
2016	1	1	2016-01-01 00:00:00.000	BZN	Elering BZ	EE	Waste 	20.00	2016-07-15 08:05:34.000
2016	1	1	2016-01-01 00:00:00.000	BZN	Elering BZ	EE	Wind Offshore 	0.00	2016-07-15 08:05:34.000
2016	1	1	2016-01-01 00:00:00.000	BZN	Elering BZ	EE	Wind Onshore 	375.00	2016-07-15 08:05:34.000
2016	1	1	2016-01-01 00:00:00.000	CTY	Switzerland	CH	Hydro Water Reservoir 	4801.80	2016-07-15 08:08:17.000
2016	1	1	2016-01-01 00:00:00.000	BZN	swissgrid BZ	CH	Hydro Water Reservoir 	4801.80	2016-07-15 08:08:17.000
2016	1	1	2016-01-01 00:00:00.000	CTY	Spain	ES	Fossil Coal-derived gas 	0.00	2016-07-15 08:08:44.000
2016	1	1	2016-01-01 00:00:00.000	CTY	Spain	ES	Fossil Brown coal/Lignite 	1055.70	2016-07-15 08:08:44.000
2016	1	1	2016-01-01 00:00:00.000	BZN	REE BZ	ES	Fossil Brown coal/Lignite 	1055.70	2016-07-15 08:08:44.000
2016	1	1	2016-01-01 00:00:00.000	BZN	REE BZ	ES	Fossil Coal-derived gas 	0.00	2016-07-15 08:08:44.000
2016	1	1	2016-01-01 00:00:00.000	CTY	Spain	ES	Nuclear 	7572.40	2016-07-15 08:08:55.000
2016	1	1	2016-01-01 00:00:00.000	BZN	REE BZ	ES	Nuclear 	7572.40	2016-07-15 08:08:55.000
2016	1	1	2016-01-01 00:00:00.000	CTA	Fingrid CA	FI	Fossil Oil 	893.00	2015-12-22 06:56:38.000
2016	1	1	2016-01-01 00:00:00.000	CTA	TenneT NL CA	NL	Fossil Brown coal/Lignite 	0.00	2016-06-15 11:44:09.000
2016	1	1	2016-01-01 00:00:00.000	CTA	TenneT NL CA	NL	Fossil Peat 	0.00	2016-06-15 11:44:09.000
2016	1	1	2016-01-01 00:00:00.000	CTA	TenneT NL CA	NL	Hydro Pumped Storage 	0.00	2016-06-15 11:44:09.000
2016	1	1	2016-01-01 00:00:00.000	CTA	TenneT NL CA	NL	Marine 	0.00	2016-06-15 11:44:09.000
2016	1	1	2016-01-01 00:00:00.000	CTA	TenneT NL CA	NL	Solar 	1429.00	2016-06-15 11:44:09.000
2016	1	1	2016-01-01 00:00:00.000	CTA	TenneT NL CA	NL	Fossil Oil shale 	0.00	2016-06-15 11:44:09.000
2016	1	1	2016-01-01 00:00:00.000	CTA	TenneT NL CA	NL	Fossil Oil 	0.00	2016-06-15 11:44:09.000
2016	1	1	2016-01-01 00:00:00.000	CTA	TenneT NL CA	NL	Waste 	674.00	2016-06-15 11:44:09.000
2016	1	1	2016-01-01 00:00:00.000	CTA	TenneT NL CA	NL	Wind Onshore 	3284.00	2016-06-15 11:44:09.000
2016	1	1	2016-01-01 00:00:00.000	CTA	TenneT NL CA	NL	Biomass 	398.00	2016-06-15 11:44:09.000
2016	1	1	2016-01-01 00:00:00.000	CTA	TenneT NL CA	NL	Hydro Water Reservoir 	0.00	2016-06-15 11:44:09.000
2016	1	1	2016-01-01 00:00:00.000	CTA	TenneT NL CA	NL	Wind Offshore 	357.00	2016-06-15 11:44:09.000
2016	1	1	2016-01-01 00:00:00.000	CTA	TenneT NL CA	NL	Fossil Hard coal 	5658.00	2016-06-15 11:44:09.000
2016	1	1	2016-01-01 00:00:00.000	CTA	TenneT NL CA	NL	Fossil Coal-derived gas 	0.00	2016-06-15 11:44:09.000
2016	1	1	2016-01-01 00:00:00.000	CTA	TenneT NL CA	NL	Other 	0.00	2016-06-15 11:44:09.000
2016	1	1	2016-01-01 00:00:00.000	CTA	TenneT NL CA	NL	Fossil Gas 	19914.00	2016-06-15 11:44:09.000
2016	1	1	2016-01-01 00:00:00.000	CTA	TenneT NL CA	NL	Other renewable 	0.00	2016-06-15 11:44:09.000
2016	1	1	2016-01-01 00:00:00.000	CTA	TenneT NL CA	NL	Hydro Run-of-river and poundage 	38.00	2016-06-15 11:44:09.000
2016	1	1	2016-01-01 00:00:00.000	CTA	TenneT NL CA	NL	Geothermal 	0.00	2016-06-15 11:44:09.000
2016	1	1	2016-01-01 00:00:00.000	CTA	TenneT NL CA	NL	Nuclear 	486.00	2016-06-15 11:44:09.000
2016	1	1	2016-01-01 00:00:00.000	CTY	Finland	FI	Fossil Peat 	1024.00	2016-07-15 08:09:01.000
2016	1	1	2016-01-01 00:00:00.000	BZN	Fingrid BZ	FI	Fossil Hard coal 	3416.00	2016-07-15 08:09:01.000
2016	1	1	2016-01-01 00:00:00.000	BZN	Fingrid BZ	FI	Fossil Oil 	893.00	2016-07-15 08:09:01.000
2016	1	1	2016-01-01 00:00:00.000	BZN	Fingrid BZ	FI	Fossil Peat 	1024.00	2016-07-15 08:09:01.000
2016	1	1	2016-01-01 00:00:00.000	CTA	Energinet CA	DK	Waste 	363.00	2016-07-15 08:05:03.000
2016	1	1	2016-01-01 00:00:00.000	CTA	Energinet CA	DK	Solar 	601.00	2016-07-15 08:05:03.000
2016	1	1	2016-01-01 00:00:00.000	CTY	Denmark	DK	Solar 	601.00	2016-07-15 08:05:03.000
2016	1	1	2016-01-01 00:00:00.000	BZN	REE BZ	ES	Fossil Oil 	681.40	2016-07-15 08:08:47.000
2016	1	1	2016-01-01 00:00:00.000	CTY	Spain	ES	Fossil Oil 	681.40	2016-07-15 08:08:47.000
2016	1	1	2016-01-01 00:00:00.000	BZN	REE BZ	ES	Hydro Run-of-river and poundage 	1156.30	2016-07-15 08:08:51.000
2016	1	1	2016-01-01 00:00:00.000	BZN	REE BZ	ES	Hydro Pumped Storage 	5593.40	2016-07-15 08:08:51.000
2016	1	1	2016-01-01 00:00:00.000	CTA	TransnetBW CA	DE_TransnetBW	Other 	0.00	2017-11-10 11:00:03.000
2016	1	1	2016-01-01 00:00:00.000	CTA	TransnetBW CA	DE_TransnetBW	Hydro Water Reservoir 	581.00	2017-11-10 11:00:03.000
2016	1	1	2016-01-01 00:00:00.000	CTA	TransnetBW CA	DE_TransnetBW	Nuclear 	2712.00	2017-11-10 11:00:03.000
2016	1	1	2016-01-01 00:00:00.000	CTA	TransnetBW CA	DE_TransnetBW	Other renewable 	33.00	2017-11-10 11:00:03.000
2016	1	1	2016-01-01 00:00:00.000	CTA	TransnetBW CA	DE_TransnetBW	Fossil Hard coal 	4990.00	2017-11-10 11:00:03.000
2016	1	1	2016-01-01 00:00:00.000	CTA	TransnetBW CA	DE_TransnetBW	Wind Offshore 	0.00	2017-11-10 11:00:03.000
2016	1	1	2016-01-01 00:00:00.000	CTA	TransnetBW CA	DE_TransnetBW	Marine 	0.00	2017-11-10 11:00:03.000
2016	1	1	2016-01-01 00:00:00.000	CTA	TransnetBW CA	DE_TransnetBW	Solar 	5449.00	2017-11-10 11:00:03.000
2016	1	1	2016-01-01 00:00:00.000	CTA	TransnetBW CA	DE_TransnetBW	Fossil Peat 	0.00	2017-11-10 11:00:03.000
2016	1	1	2016-01-01 00:00:00.000	CTA	TransnetBW CA	DE_TransnetBW	Waste 	20.00	2017-11-10 11:00:03.000
2016	1	1	2016-01-01 00:00:00.000	CTA	TransnetBW CA	DE_TransnetBW	Fossil Coal-derived gas 	0.00	2017-11-10 11:00:03.000
2016	1	1	2016-01-01 00:00:00.000	CTA	TransnetBW CA	DE_TransnetBW	Fossil Oil 	630.00	2017-11-10 11:00:03.000
2016	1	1	2016-01-01 00:00:00.000	CTA	TransnetBW CA	DE_TransnetBW	Fossil Gas 	606.00	2017-11-10 11:00:03.000
2016	1	1	2016-01-01 00:00:00.000	CTA	TransnetBW CA	DE_TransnetBW	Hydro Pumped Storage 	2975.00	2017-11-10 11:00:03.000
2016	1	1	2016-01-01 00:00:00.000	CTA	TransnetBW CA	DE_TransnetBW	Biomass 	727.00	2017-11-10 11:00:03.000
2016	1	1	2016-01-01 00:00:00.000	CTA	TransnetBW CA	DE_TransnetBW	Fossil Oil shale 	0.00	2017-11-10 11:00:03.000
2016	1	1	2016-01-01 00:00:00.000	CTA	TransnetBW CA	DE_TransnetBW	Wind Onshore 	722.00	2017-11-10 11:00:03.000
2016	1	1	2016-01-01 00:00:00.000	CTA	TransnetBW CA	DE_TransnetBW	Geothermal 	1.00	2017-11-10 11:00:03.000
2016	1	1	2016-01-01 00:00:00.000	CTA	TransnetBW CA	DE_TransnetBW	Hydro Run-of-river and poundage 	820.00	2017-11-10 11:00:03.000
2016	1	1	2016-01-01 00:00:00.000	CTA	TransnetBW CA	DE_TransnetBW	Fossil Brown coal/Lignite 	0.00	2017-11-10 11:00:03.000
2016	1	1	2016-01-01 00:00:00.000	CTY	Spain	ES	Hydro Run-of-river and poundage 	1156.30	2016-07-15 08:08:51.000
2016	1	1	2016-01-01 00:00:00.000	CTY	Spain	ES	Hydro Pumped Storage 	5593.40	2016-07-15 08:08:51.000
2016	1	1	2016-01-01 00:00:00.000	BZN	REE BZ	ES	Wind Offshore 	0.00	2016-07-15 08:08:58.000
2016	1	1	2016-01-01 00:00:00.000	BZN	REE BZ	ES	Wind Onshore 	22772.10	2016-07-15 08:08:58.000
2016	1	1	2016-01-01 00:00:00.000	CTY	Spain	ES	Wind Onshore 	22772.10	2016-07-15 08:08:58.000
2016	1	1	2016-01-01 00:00:00.000	CTY	Spain	ES	Wind Offshore 	0.00	2016-07-15 08:08:58.000
2016	1	1	2016-01-01 00:00:00.000	CTY	Lithuania	LT	Fossil Gas 	1719.00	2016-07-15 08:09:56.000
2016	1	1	2016-01-01 00:00:00.000	BZN	Litgrid BZ	LT	Fossil Gas 	1719.00	2016-07-15 08:09:56.000
2016	1	1	2016-01-01 00:00:00.000	CTY	Lithuania	LT	Other 	35.00	2016-07-15 08:10:05.000
2016	1	1	2016-01-01 00:00:00.000	BZN	Litgrid BZ	LT	Other 	35.00	2016-07-15 08:10:05.000
2016	1	1	2016-01-01 00:00:00.000	BZN	AST BZ	LV	Wind Onshore 	54.75	2016-07-15 08:10:20.000
2016	1	1	2016-01-01 00:00:00.000	CTY	Latvia	LV	Wind Onshore 	54.75	2016-07-15 08:10:20.000
2016	1	1	2016-01-01 00:00:00.000	BZN	Transelectrica BZ	RO	Fossil Brown coal/Lignite 	4546.00	2016-07-15 08:11:05.000
2016	1	1	2016-01-01 00:00:00.000	CTY	Romania	RO	Fossil Brown coal/Lignite 	4546.00	2016-07-15 08:11:05.000
2016	1	1	2016-01-01 00:00:00.000	BZN	Elia BZ	BE	Hydro Pumped Storage 	1308.00	2016-11-16 10:38:32.000
2016	1	1	2016-01-01 00:00:00.000	BZN	Elia BZ	BE	Fossil Gas 	5373.39	2016-11-16 10:38:32.000
2016	1	1	2016-01-01 00:00:00.000	BZN	Elia BZ	BE	Wind Onshore 	1248.71	2016-11-16 10:38:32.000
2016	1	1	2016-01-01 00:00:00.000	BZN	Elia BZ	BE	Fossil Hard coal 	470.00	2016-11-16 10:38:32.000
2016	1	1	2016-01-01 00:00:00.000	BZN	Elia BZ	BE	Fossil Oil 	145.43	2016-11-16 10:38:32.000
2016	1	1	2016-01-01 00:00:00.000	BZN	Elia BZ	BE	Hydro Run-of-river and poundage 	117.22	2016-11-16 10:38:32.000
2016	1	1	2016-01-01 00:00:00.000	CTY	Belgium	BE	Hydro Pumped Storage 	1308.00	2016-11-16 10:38:32.000
2016	1	1	2016-01-01 00:00:00.000	CTY	Belgium	BE	Fossil Gas 	5373.39	2016-11-16 10:38:32.000
2016	1	1	2016-01-01 00:00:00.000	CTY	Belgium	BE	Hydro Run-of-river and poundage 	117.22	2016-11-16 10:38:32.000
2016	1	1	2016-01-01 00:00:00.000	CTY	Belgium	BE	Waste 	367.96	2016-11-16 10:38:32.000
2016	1	1	2016-01-01 00:00:00.000	BZN	Elia BZ	BE	Waste 	367.96	2016-11-16 10:38:32.000
2016	1	1	2016-01-01 00:00:00.000	BZN	Elia BZ	BE	Nuclear 	5919.00	2016-11-16 10:38:32.000
2016	1	1	2016-01-01 00:00:00.000	BZN	NO1 BZ	NO1	Fossil Gas 	0.00	2017-03-09 14:59:09.000
2016	1	1	2016-01-01 00:00:00.000	BZN	NO1 BZ	NO1	Other 	0.00	2017-03-09 14:59:09.000
2016	1	1	2016-01-01 00:00:00.000	CTY	Croatia	HR	Waste 	6.00	2017-11-27 17:56:25.000
2016	1	1	2016-01-01 00:00:00.000	CTY	Croatia	HR	Hydro Pumped Storage 	281.00	2017-11-27 17:56:25.000
2016	1	1	2016-01-01 00:00:00.000	BZN	HOPS BZ	HR	Hydro Pumped Storage 	281.00	2017-11-27 17:56:25.000
2016	1	1	2016-01-01 00:00:00.000	BZN	HOPS BZ	HR	Waste 	6.00	2017-11-27 17:56:25.000
2016	1	1	2016-01-01 00:00:00.000	CTY	Germany	DE	Fossil Brown coal/Lignite 	22015.00	2017-11-10 11:00:23.000
2016	1	1	2016-01-01 00:00:00.000	BZN	DE-AT-LU	DE_AT_LU	Fossil Brown coal/Lignite 	22015.00	2017-11-10 11:00:23.000
2016	1	1	2016-01-01 00:00:00.000	BZN	DE-AT-LU	DE_AT_LU	Biomass 	7289.20	2017-11-10 11:00:23.000
2016	1	1	2016-01-01 00:00:00.000	BZN	DE-AT-LU	DE_AT_LU	Other 	3511.80	2017-11-10 11:00:23.000
2016	1	1	2016-01-01 00:00:00.000	CTA	TenneT GER CA	DE_TenneT_GER	Wind Onshore 	17061.46	2017-08-09 11:08:48.000
2016	1	1	2016-01-01 00:00:00.000	CTY	Italy	IT	Biomass 	1610.00	2016-12-29 11:17:17.000
2016	1	1	2016-01-01 00:00:00.000	CTY	Italy	IT	Geothermal 	869.00	2016-12-29 11:17:17.000
2016	1	1	2016-01-01 00:00:00.000	CTY	Italy	IT	Hydro Pumped Storage 	7064.00	2016-12-29 11:17:17.000
2016	1	1	2016-01-01 00:00:00.000	CTY	Italy	IT	Marine 	0.00	2016-12-29 11:17:17.000
2016	1	1	2016-01-01 00:00:00.000	CTY	Italy	IT	Solar 	4768.00	2016-12-29 11:17:17.000
2016	1	1	2016-01-01 00:00:00.000	CTY	Italy	IT	Other renewable 	0.00	2016-12-29 11:17:17.000
2016	1	1	2016-01-01 00:00:00.000	CTY	Italy	IT	Wind Onshore 	8739.00	2016-12-29 11:17:17.000
2016	1	1	2016-01-01 00:00:00.000	CTY	Italy	IT	Hydro Water Reservoir 	4226.00	2016-12-29 11:17:17.000
2016	1	1	2016-01-01 00:00:00.000	CTY	Italy	IT	Fossil Coal-derived gas 	766.00	2016-12-29 11:17:17.000
2016	1	1	2016-01-01 00:00:00.000	CTY	Italy	IT	Fossil Oil 	8802.00	2016-12-29 11:17:17.000
2016	1	1	2016-01-01 00:00:00.000	CTY	Italy	IT	Fossil Gas 	29923.00	2016-12-29 11:17:17.000
2016	1	1	2016-01-01 00:00:00.000	CTY	Italy	IT	Hydro Run-of-river and poundage 	10482.00	2016-12-29 11:17:17.000
2016	1	1	2016-01-01 00:00:00.000	CTY	Italy	IT	Wind Offshore 	0.00	2016-12-29 11:17:17.000
2016	1	1	2016-01-01 00:00:00.000	CTY	Italy	IT	Fossil Brown coal/Lignite 	0.00	2016-12-29 11:17:17.000
2016	1	1	2016-01-01 00:00:00.000	CTY	Italy	IT	Fossil Peat 	0.00	2016-12-29 11:17:17.000
2016	1	1	2016-01-01 00:00:00.000	CTY	Italy	IT	Other 	13911.00	2016-12-29 11:17:17.000
2016	1	1	2016-01-01 00:00:00.000	CTY	Italy	IT	Fossil Hard coal 	6386.00	2016-12-29 11:17:17.000
2016	1	1	2016-01-01 00:00:00.000	CTY	Italy	IT	Waste 	248.00	2016-12-29 11:17:17.000
2016	1	1	2016-01-01 00:00:00.000	CTY	Germany	DE	Wind Offshore 	3283.05	2017-11-10 11:00:27.000
2016	1	1	2016-01-01 00:00:00.000	CTY	Germany	DE	Fossil Oil 	3745.00	2017-11-10 11:00:27.000
2016	1	1	2016-01-01 00:00:00.000	BZN	DE-AT-LU	DE_AT_LU	Fossil Oil 	3922.90	2017-11-10 11:00:27.000
2016	1	1	2016-01-01 00:00:00.000	BZN	DE-AT-LU	DE_AT_LU	Wind Offshore 	3283.05	2017-11-10 11:00:27.000
2016	1	1	2016-01-01 00:00:00.000	CTA	TenneT GER CA	DE_TenneT_GER	Wind Offshore 	2947.05	2017-08-09 11:12:33.000
2016	1	1	2016-01-01 00:00:00.000	CTA	TenneT GER CA	DE_TenneT_GER	Solar 	15156.46	2017-08-09 11:14:40.000
2016	1	1	2016-01-01 00:00:00.000	CTY	Belgium	BE	Nuclear 	5919.00	2016-11-16 10:38:32.000
2016	1	1	2016-01-01 00:00:00.000	CTY	Belgium	BE	Fossil Oil 	145.43	2016-11-16 10:38:32.000
2016	1	1	2016-01-01 00:00:00.000	CTY	Belgium	BE	Fossil Hard coal 	470.00	2016-11-16 10:38:32.000
2016	1	1	2016-01-01 00:00:00.000	CTY	Belgium	BE	Wind Onshore 	1248.71	2016-11-16 10:38:32.000
2016	1	1	2016-01-01 00:00:00.000	CTA	Fingrid CA	FI	Fossil Gas 	482.00	2015-12-22 07:00:52.000
2016	1	1	2016-01-01 00:00:00.000	CTA	Fingrid CA	FI	Wind Onshore 	1082.00	2015-12-22 07:26:39.000
2016	1	1	2016-01-01 00:00:00.000	CTY	Estonia	EE	Solar 	1.00	2016-07-15 08:05:33.000
2016	1	1	2016-01-01 00:00:00.000	CTY	Estonia	EE	Other renewable 	7.00	2016-07-15 08:05:33.000
2016	1	1	2016-01-01 00:00:00.000	BZN	Elering BZ	EE	Solar 	1.00	2016-07-15 08:05:33.000
2016	1	1	2016-01-01 00:00:00.000	BZN	Elering BZ	EE	Other renewable 	7.00	2016-07-15 08:05:33.000
2016	1	1	2016-01-01 00:00:00.000	CTA	HOPS CA	HR	Hydro Pumped Storage 	281.00	2017-11-27 17:56:20.000
2016	1	1	2016-01-01 00:00:00.000	CTA	HOPS CA	HR	Solar 	49.00	2017-11-27 17:56:20.000
2016	1	1	2016-01-01 00:00:00.000	CTA	HOPS CA	HR	Wind Onshore 	489.00	2017-11-27 17:56:20.000
2016	1	1	2016-01-01 00:00:00.000	CTA	HOPS CA	HR	Fossil Oil 	950.00	2017-11-27 17:56:20.000
2016	1	1	2016-01-01 00:00:00.000	CTA	HOPS CA	HR	Biomass 	26.00	2017-11-27 17:56:20.000
2016	1	1	2016-01-01 00:00:00.000	CTA	HOPS CA	HR	Other renewable 	34.00	2017-11-27 17:56:20.000
2016	1	1	2016-01-01 00:00:00.000	CTA	HOPS CA	HR	Hydro Water Reservoir 	1388.00	2017-11-27 17:56:20.000
2016	1	1	2016-01-01 00:00:00.000	CTA	HOPS CA	HR	Waste 	6.00	2017-11-27 17:56:20.000
2016	1	1	2016-01-01 00:00:00.000	CTA	HOPS CA	HR	Fossil Gas 	743.00	2017-11-27 17:56:20.000
2016	1	1	2016-01-01 00:00:00.000	CTA	HOPS CA	HR	Hydro Run-of-river and poundage 	421.00	2017-11-27 17:56:20.000
2016	1	1	2016-01-01 00:00:00.000	CTA	HOPS CA	HR	Fossil Hard coal 	325.00	2017-11-27 17:56:20.000
2016	1	1	2016-01-01 00:00:00.000	CTA	IPTO CA	GR	Fossil Brown coal/Lignite 	3912.00	2016-10-03 07:02:17.000
2016	1	1	2016-01-01 00:00:00.000	CTA	IPTO CA	GR	Fossil Gas 	5396.00	2016-10-03 07:02:17.000
2016	1	1	2016-01-01 00:00:00.000	CTA	IPTO CA	GR	Biomass 	51.00	2016-10-03 07:02:17.000
2016	1	1	2016-01-01 00:00:00.000	CTA	IPTO CA	GR	Fossil Oil 	0.00	2016-10-03 07:02:17.000
2016	1	1	2016-01-01 00:00:00.000	CTA	IPTO CA	GR	Wind Onshore 	1875.00	2016-10-03 07:02:17.000
2016	1	1	2016-01-01 00:00:00.000	CTA	IPTO CA	GR	Other renewable 	69.00	2016-10-03 07:02:17.000
2016	1	1	2016-01-01 00:00:00.000	CTA	IPTO CA	GR	Geothermal 	0.00	2016-10-03 07:02:17.000
2016	1	1	2016-01-01 00:00:00.000	CTA	IPTO CA	GR	Hydro Pumped Storage 	699.00	2016-10-03 07:02:17.000
2016	1	1	2016-01-01 00:00:00.000	CTA	IPTO CA	GR	Solar 	2441.00	2016-10-03 07:02:17.000
2016	1	1	2016-01-01 00:00:00.000	CTA	IPTO CA	GR	Hydro Run-of-river and poundage 	299.00	2016-10-03 07:02:17.000
2016	1	1	2016-01-01 00:00:00.000	CTA	IPTO CA	GR	Hydro Water Reservoir 	2403.00	2016-10-03 07:02:17.000
2016	1	1	2016-01-01 00:00:00.000	CTY	Germany	DE	Fossil Gas 	26694.00	2017-11-20 07:16:46.000
2016	1	1	2016-01-01 00:00:00.000	BZN	DE-AT-LU	DE_AT_LU	Fossil Gas 	31232.80	2017-11-20 07:16:46.000
2016	1	1	2016-01-01 00:00:00.000	CTY	Spain	ES	Marine 	0.00	2016-07-15 08:08:54.000
2016	1	1	2016-01-01 00:00:00.000	BZN	REE BZ	ES	Marine 	0.00	2016-07-15 08:08:54.000
2016	1	1	2016-01-01 00:00:00.000	CTY	Finland	FI	Hydro Run-of-river and poundage 	3112.00	2016-07-15 08:09:02.000
2016	1	1	2016-01-01 00:00:00.000	BZN	Fingrid BZ	FI	Hydro Run-of-river and poundage 	3112.00	2016-07-15 08:09:02.000
2016	1	1	2016-01-01 00:00:00.000	CTY	Lithuania	LT	Hydro Pumped Storage 	900.00	2016-07-15 08:09:59.000
2016	1	1	2016-01-01 00:00:00.000	BZN	Litgrid BZ	LT	Hydro Pumped Storage 	900.00	2016-07-15 08:09:59.000
2016	1	1	2016-01-01 00:00:00.000	CTY	Lithuania	LT	Solar 	69.00	2016-07-15 08:10:02.000
2016	1	1	2016-01-01 00:00:00.000	BZN	Litgrid BZ	LT	Solar 	69.00	2016-07-15 08:10:02.000
2016	1	1	2016-01-01 00:00:00.000	BZN	AST BZ	LV	Biomass 	101.67	2016-07-15 08:10:17.000
2016	1	1	2016-01-01 00:00:00.000	BZN	AST BZ	LV	Fossil Gas 	1102.91	2016-07-15 08:10:17.000
2016	1	1	2016-01-01 00:00:00.000	CTY	Latvia	LV	Biomass 	101.67	2016-07-15 08:10:17.000
2016	1	1	2016-01-01 00:00:00.000	CTY	Latvia	LV	Fossil Gas 	1102.91	2016-07-15 08:10:17.000
2016	1	1	2016-01-01 00:00:00.000	CTY	Former Yugoslav Republic of Macedonia	MK	Hydro Water Reservoir 	506.00	2016-07-15 08:10:26.000
2016	1	1	2016-01-01 00:00:00.000	BZN	MEPSO BZ	MK	Hydro Water Reservoir 	506.00	2016-07-15 08:10:26.000
2016	1	1	2016-01-01 00:00:00.000	BZN	Transelectrica BZ	RO	Hydro Run-of-river and poundage 	2697.00	2016-07-15 08:11:09.000
2016	1	1	2016-01-01 00:00:00.000	CTY	Romania	RO	Hydro Run-of-river and poundage 	2697.00	2016-07-15 08:11:09.000
2016	1	1	2016-01-01 00:00:00.000	BZN	DK1  BZ	DK1	Fossil Brown coal/Lignite 	0.00	2015-01-26 11:27:19.000
2016	1	1	2016-01-01 00:00:00.000	CTA	Litgrid CA	LT	Other renewable 	72.00	2017-01-20 11:39:18.000
2016	1	1	2016-01-01 00:00:00.000	CTY	Luxembourg	LU	Waste 	21.00	2017-06-27 11:36:34.000
2016	1	1	2016-01-01 00:00:00.000	CTY	Luxembourg	LU	Hydro Water Reservoir 	11.00	2017-06-27 11:36:34.000
2016	1	1	2016-01-01 00:00:00.000	CTY	Luxembourg	LU	Hydro Pumped Storage 	0.00	2017-06-27 11:36:34.000
2016	1	1	2016-01-01 00:00:00.000	CTA	50Hertz CA	DE_50HzT	Geothermal 	0.20	2016-06-03 13:50:12.000
2016	1	1	2016-01-01 00:00:00.000	CTA	50Hertz CA	DE_50HzT	Fossil Brown coal/Lignite 	10111.00	2016-06-03 13:53:41.000
2016	1	1	2016-01-01 00:00:00.000	BZN	CEPS BZ	CZ	Hydro Water Reservoir 	650.00	2016-08-19 12:18:09.000
2016	1	1	2016-01-01 00:00:00.000	CTY	Czech Republic	CZ	Hydro Water Reservoir 	650.00	2016-08-19 12:18:09.000
2016	1	1	2016-01-01 00:00:00.000	BZN	NO3 BZ	NO3	Fossil Gas 	381.70	2017-03-09 15:21:02.000
2016	1	1	2016-01-01 00:00:00.000	BZN	NO3 BZ	NO3	Other 	0.00	2017-03-09 15:21:02.000
2016	1	1	2016-01-01 00:00:00.000	BZN	NO3 BZ	NO3	Wind Onshore 	360.60	2017-03-09 15:21:02.000
2016	1	1	2016-01-01 00:00:00.000	BZN	NO3 BZ	NO3	Hydro Water Reservoir 	3163.50	2017-03-09 15:21:02.000
2016	1	1	2016-01-01 00:00:00.000	BZN	NO3 BZ	NO3	Hydro Run-of-river and poundage 	4.80	2017-03-09 15:21:02.000
2016	1	1	2016-01-01 00:00:00.000	BZN	NO1 BZ	NO1	Hydro Run-of-river and poundage 	1045.30	2017-03-09 14:59:09.000
2016	1	1	2016-01-01 00:00:00.000	BZN	NO1 BZ	NO1	Wind Onshore 	0.00	2017-03-09 14:59:09.000
2016	1	1	2016-01-01 00:00:00.000	BZN	NO1 BZ	NO1	Hydro Water Reservoir 	1712.00	2017-03-09 14:59:09.000
2016	1	1	2016-01-01 00:00:00.000	CTA	Litgrid CA	LT	Hydro Pumped Storage 	900.00	2016-04-27 07:29:00.000
2016	1	1	2016-01-01 00:00:00.000	CTA	Litgrid CA	LT	Solar 	69.00	2016-04-27 07:29:00.000
2016	1	1	2016-01-01 00:00:00.000	CTA	Litgrid CA	LT	Fossil Oil 	160.00	2016-04-27 07:29:00.000
2016	1	1	2016-01-01 00:00:00.000	CTA	Litgrid CA	LT	Fossil Gas 	1719.00	2016-04-27 07:29:00.000
2016	1	1	2016-01-01 00:00:00.000	CTA	Litgrid CA	LT	Hydro Run-of-river and poundage 	128.00	2016-04-27 07:29:00.000
2016	1	1	2016-01-01 00:00:00.000	CTA	Litgrid CA	LT	Waste 	21.00	2016-04-27 07:29:00.000
2016	1	1	2016-01-01 00:00:00.000	CTA	Litgrid CA	LT	Other 	35.00	2016-04-27 07:29:00.000
2016	1	1	2016-01-01 00:00:00.000	CTA	Litgrid CA	LT	Biomass 	65.00	2016-04-27 07:29:00.000
2016	1	1	2016-01-01 00:00:00.000	CTA	Litgrid CA	LT	Wind Onshore 	366.00	2016-04-27 07:29:00.000
2016	1	1	2016-01-01 00:00:00.000	CTA	PSE SA CA	PL	Fossil Oil 	345.00	2016-02-09 13:26:19.000
2016	1	1	2016-01-01 00:00:00.000	CTA	PSE SA CA	PL	Hydro Run-of-river and poundage 	394.63	2016-02-09 13:26:19.000
2016	1	1	2016-01-01 00:00:00.000	CTA	PSE SA CA	PL	Biomass 	434.67	2016-02-09 13:26:19.000
2016	1	1	2016-01-01 00:00:00.000	CTA	PSE SA CA	PL	Fossil Brown coal/Lignite 	8483.02	2016-02-09 13:26:19.000
2016	1	1	2016-01-01 00:00:00.000	CTA	PSE SA CA	PL	Hydro Pumped Storage 	1770.12	2016-02-09 13:26:19.000
2016	1	1	2016-01-01 00:00:00.000	CTA	PSE SA CA	PL	Hydro Water Reservoir 	156.17	2016-02-09 13:26:19.000
2016	1	1	2016-01-01 00:00:00.000	CTA	PSE SA CA	PL	Fossil Hard coal 	18478.63	2016-02-09 13:26:19.000
2016	1	1	2016-01-01 00:00:00.000	CTA	PSE SA CA	PL	Solar 	77.25	2016-02-09 13:26:19.000
2016	1	1	2016-01-01 00:00:00.000	CTA	PSE SA CA	PL	Fossil Gas 	1302.07	2016-02-09 13:26:19.000
2016	1	1	2016-01-01 00:00:00.000	CTA	PSE SA CA	PL	Wind Onshore 	5494.46	2016-02-09 13:26:19.000
2016	1	1	2016-01-01 00:00:00.000	CTA	PSE SA CA	PL	Fossil Coal-derived gas 	158.00	2016-02-09 13:26:19.000
2016	1	1	2016-01-01 00:00:00.000	CTA	Fingrid CA	FI	Other renewable 	82.00	2015-12-22 07:01:42.000
2016	1	1	2016-01-01 00:00:00.000	BZN	IPTO BZ	GR	Hydro Pumped Storage 	699.00	2016-10-03 07:02:46.000
2016	1	1	2016-01-01 00:00:00.000	BZN	IPTO BZ	GR	Solar 	2441.00	2016-10-03 07:02:46.000
2016	1	1	2016-01-01 00:00:00.000	BZN	IPTO BZ	GR	Fossil Gas 	5396.00	2016-10-03 07:02:46.000
2016	1	1	2016-01-01 00:00:00.000	BZN	IPTO BZ	GR	Fossil Brown coal/Lignite 	3912.00	2016-10-03 07:02:46.000
2016	1	1	2016-01-01 00:00:00.000	CTY	Greece	GR	Fossil Brown coal/Lignite 	3912.00	2016-10-03 07:02:46.000
2016	1	1	2016-01-01 00:00:00.000	CTY	Greece	GR	Fossil Gas 	5396.00	2016-10-03 07:02:46.000
2016	1	1	2016-01-01 00:00:00.000	CTY	Greece	GR	Hydro Pumped Storage 	699.00	2016-10-03 07:02:46.000
2016	1	1	2016-01-01 00:00:00.000	CTY	Greece	GR	Solar 	2441.00	2016-10-03 07:02:46.000
2016	1	1	2016-01-01 00:00:00.000	CTA	Fingrid CA	FI	Hydro Run-of-river and poundage 	3112.00	2015-12-22 07:26:25.000
2016	1	1	2016-01-01 00:00:00.000	BZN	DK2 BZ	DK2	Fossil Brown coal/Lignite 	0.00	2015-01-26 11:30:21.000
2016	1	1	2016-01-01 00:00:00.000	CTY	Austria	AT	Nuclear 	0.00	2016-12-21 09:29:31.000
2016	1	1	2016-01-01 00:00:00.000	CTY	Austria	AT	Fossil Brown coal/Lignite 	0.00	2016-12-21 09:29:31.000
2016	1	1	2016-01-01 00:00:00.000	CTY	Austria	AT	Fossil Hard coal 	766.00	2016-12-21 09:29:31.000
2016	1	1	2016-01-01 00:00:00.000	CTY	Austria	AT	Wind Offshore 	0.00	2016-12-21 09:29:31.000
2016	1	1	2016-01-01 00:00:00.000	CTY	Austria	AT	Biomass 	473.60	2016-12-21 09:29:32.000
2016	1	1	2016-01-01 00:00:00.000	CTY	Austria	AT	Geothermal 	0.90	2016-12-21 09:29:32.000
2016	1	1	2016-01-01 00:00:00.000	CTY	Austria	AT	Fossil Peat 	0.00	2016-12-21 09:29:32.000
2016	1	1	2016-01-01 00:00:00.000	CTY	Austria	AT	Hydro Run-of-river and poundage 	5574.70	2016-12-21 09:29:32.000
2016	1	1	2016-01-01 00:00:00.000	CTY	Austria	AT	Hydro Pumped Storage 	2971.10	2016-12-21 09:29:32.000
2016	1	1	2016-01-01 00:00:00.000	CTY	Austria	AT	Fossil Coal-derived gas 	0.00	2016-12-21 09:29:32.000
2016	1	1	2016-01-01 00:00:00.000	CTY	France	FR	Marine 	240.00	2016-11-22 10:27:11.000
2016	1	1	2016-01-01 00:00:00.000	CTY	France	FR	Fossil Gas 	6121.00	2016-11-22 10:27:11.000
2016	1	1	2016-01-01 00:00:00.000	CTY	France	FR	Other 	62.00	2016-11-22 10:27:11.000
2016	1	1	2016-01-01 00:00:00.000	CTY	France	FR	Nuclear 	63130.00	2016-11-22 10:27:11.000
2016	1	1	2016-01-01 00:00:00.000	BZN	RTE BZ	FR	Other 	62.00	2016-11-22 10:27:11.000
2016	1	1	2016-01-01 00:00:00.000	BZN	RTE BZ	FR	Fossil Gas 	6121.00	2016-11-22 10:27:11.000
2016	1	1	2016-01-01 00:00:00.000	BZN	RTE BZ	FR	Nuclear 	63130.00	2016-11-22 10:27:11.000
2016	1	1	2016-01-01 00:00:00.000	BZN	RTE BZ	FR	Marine 	240.00	2016-11-22 10:27:11.000
2016	1	1	2016-01-01 00:00:00.000	CTA	Energinet CA	DK	Wind Onshore 	3574.00	2016-07-15 08:05:05.000
2016	1	1	2016-01-01 00:00:00.000	CTY	Denmark	DK	Wind Onshore 	3574.00	2016-07-15 08:05:05.000
2016	1	1	2016-01-01 00:00:00.000	CTY	Austria	AT	Other renewable 	32.50	2016-12-21 09:29:34.000
2016	1	1	2016-01-01 00:00:00.000	CTY	Austria	AT	Fossil Gas 	4465.80	2016-12-21 09:29:34.000
2016	1	1	2016-01-01 00:00:00.000	CTY	Austria	AT	Waste 	144.10	2016-12-21 09:29:34.000
2016	1	1	2016-01-01 00:00:00.000	CTA	SvK CA	SE	Other 	8376.00	2015-12-08 10:02:27.000
2016	1	1	2016-01-01 00:00:00.000	BZN	DK1  BZ	DK1	Hydro Run-of-river and poundage 	9.00	2016-06-01 10:28:38.000
2016	1	1	2016-01-01 00:00:00.000	BZN	DK1  BZ	DK1	Waste 	211.00	2016-06-01 10:28:38.000
2016	1	1	2016-01-01 00:00:00.000	BZN	DK1  BZ	DK1	Biomass 	115.00	2016-06-01 10:28:38.000
2016	1	1	2016-01-01 00:00:00.000	BZN	DK1  BZ	DK1	Wind Offshore 	843.00	2016-06-01 10:28:38.000
2016	1	1	2016-01-01 00:00:00.000	BZN	DK1  BZ	DK1	Solar 	421.00	2016-06-01 10:28:38.000
2016	1	1	2016-01-01 00:00:00.000	BZN	DK1  BZ	DK1	Fossil Oil 	292.00	2016-06-01 10:28:38.000
2016	1	1	2016-01-01 00:00:00.000	BZN	DK2 BZ	DK2	Fossil Hard coal 	2072.00	2016-06-01 10:28:38.000
2016	1	1	2016-01-01 00:00:00.000	BZN	DK2 BZ	DK2	Wind Offshore 	428.00	2016-06-01 10:28:38.000
2016	1	1	2016-01-01 00:00:00.000	BZN	DK2 BZ	DK2	Solar 	180.00	2016-06-01 10:28:38.000
2016	1	1	2016-01-01 00:00:00.000	BZN	DK2 BZ	DK2	Other renewable 	13.00	2016-06-01 10:28:38.000
2016	1	1	2016-01-01 00:00:00.000	BZN	DK2 BZ	DK2	Wind Onshore 	608.00	2016-06-01 10:28:38.000
2016	1	1	2016-01-01 00:00:00.000	BZN	DK2 BZ	DK2	Fossil Gas 	1241.00	2016-06-01 10:28:38.000
2016	1	1	2016-01-01 00:00:00.000	BZN	DK2 BZ	DK2	Biomass 	82.00	2016-06-01 10:28:38.000
2016	1	1	2016-01-01 00:00:00.000	BZN	DK2 BZ	DK2	Waste 	152.00	2016-06-01 10:28:38.000
2016	1	1	2016-01-01 00:00:00.000	BZN	DK1  BZ	DK1	Fossil Hard coal 	2775.00	2016-06-01 10:28:38.000
2016	1	1	2016-01-01 00:00:00.000	BZN	DK1  BZ	DK1	Wind Onshore 	2966.00	2016-06-01 10:28:38.000
2016	1	1	2016-01-01 00:00:00.000	BZN	DK1  BZ	DK1	Fossil Gas 	1700.00	2016-06-01 10:28:38.000
2016	1	1	2016-01-01 00:00:00.000	BZN	DK1  BZ	DK1	Other renewable 	75.00	2016-06-01 10:28:38.000
2016	1	1	2016-01-01 00:00:00.000	BZN	DK2 BZ	DK2	Fossil Oil 	759.00	2016-06-01 10:28:38.000
2016	1	1	2016-01-01 00:00:00.000	BZN	DK2 BZ	DK2	Hydro Run-of-river and poundage 	0.00	2016-06-01 10:28:38.000
2016	1	1	2016-01-01 00:00:00.000	CTA	Fingrid CA	FI	Other 	1305.00	2015-12-22 06:58:25.000
2016	1	1	2016-01-01 00:00:00.000	CTA	AST CA	LV	Hydro Run-of-river and poundage 	1537.20	2015-12-28 10:20:16.000
2016	1	1	2016-01-01 00:00:00.000	CTY	Denmark	DK	Biomass 	197.00	2016-07-15 08:04:59.000
2016	1	1	2016-01-01 00:00:00.000	CTA	Energinet CA	DK	Biomass 	197.00	2016-07-15 08:04:59.000
2016	1	1	2016-01-01 00:00:00.000	CTY	Denmark	DK	Wind Offshore 	1271.00	2016-07-15 08:05:04.000
2016	1	1	2016-01-01 00:00:00.000	CTA	Energinet CA	DK	Wind Offshore 	1271.00	2016-07-15 08:05:04.000
2016	1	1	2016-01-01 00:00:00.000	CTY	Estonia	EE	Marine 	0.00	2016-07-15 08:05:31.000
2016	1	1	2016-01-01 00:00:00.000	BZN	MAVIR BZ	HU	Nuclear 	1886.79	2016-07-15 08:09:40.000
2016	1	1	2016-01-01 00:00:00.000	BZN	MAVIR BZ	HU	Other renewable 	59.70	2016-07-15 08:09:40.000
2016	1	1	2016-01-01 00:00:00.000	CTY	Hungary	HU	Other renewable 	59.70	2016-07-15 08:09:40.000
2016	1	1	2016-01-01 00:00:00.000	CTY	Hungary	HU	Nuclear 	1886.79	2016-07-15 08:09:40.000
2016	1	1	2016-01-01 00:00:00.000	CTY	Lithuania	LT	Waste 	21.00	2016-07-15 08:10:03.000
2016	1	1	2016-01-01 00:00:00.000	BZN	Litgrid BZ	LT	Waste 	21.00	2016-07-15 08:10:03.000
2016	1	1	2016-01-01 00:00:00.000	BZN	AST BZ	LV	Hydro Run-of-river and poundage 	1537.20	2016-07-15 08:10:18.000
2016	1	1	2016-01-01 00:00:00.000	CTY	Latvia	LV	Hydro Run-of-river and poundage 	1537.20	2016-07-15 08:10:18.000
2016	1	1	2016-01-01 00:00:00.000	BZN	TenneT NL BZ	NL	Hydro Run-of-river and poundage 	38.00	2016-07-15 08:10:39.000
2016	1	1	2016-01-01 00:00:00.000	BZN	TenneT NL BZ	NL	Hydro Pumped Storage 	0.00	2016-07-15 08:10:39.000
2016	1	1	2016-01-01 00:00:00.000	CTY	Netherlands	NL	Hydro Run-of-river and poundage 	38.00	2016-07-15 08:10:39.000
2016	1	1	2016-01-01 00:00:00.000	BZN	CEPS BZ	CZ	Other renewable 	500.00	2016-08-19 12:18:12.000
2016	1	1	2016-01-01 00:00:00.000	CTY	Czech Republic	CZ	Other renewable 	500.00	2016-08-19 12:18:12.000
2016	1	1	2016-01-01 00:00:00.000	BZN	NO2 BZ	NO2	Wind Onshore 	261.20	2017-03-09 15:04:32.000
2016	1	1	2016-01-01 00:00:00.000	BZN	NO2 BZ	NO2	Fossil Gas 	425.00	2017-03-09 15:04:32.000
2016	1	1	2016-01-01 00:00:00.000	BZN	NO2 BZ	NO2	Hydro Water Reservoir 	9948.50	2017-03-09 15:04:32.000
2016	1	1	2016-01-01 00:00:00.000	BZN	NO2 BZ	NO2	Hydro Run-of-river and poundage 	252.80	2017-03-09 15:04:32.000
2016	1	1	2016-01-01 00:00:00.000	BZN	NO2 BZ	NO2	Other 	0.00	2017-03-09 15:04:32.000
2016	1	1	2016-01-01 00:00:00.000	CTY	Hungary	HU	Fossil Oil 	410.00	2016-07-15 08:09:38.000
2016	1	1	2016-01-01 00:00:00.000	BZN	TenneT NL BZ	NL	Waste 	674.00	2016-07-15 08:10:43.000
2016	1	1	2016-01-01 00:00:00.000	BZN	TenneT NL BZ	NL	Wind Offshore 	357.00	2016-07-15 08:10:43.000
2016	1	1	2016-01-01 00:00:00.000	CTY	Netherlands	NL	Wind Offshore 	357.00	2016-07-15 08:10:43.000
2016	1	1	2016-01-01 00:00:00.000	CTY	Netherlands	NL	Waste 	674.00	2016-07-15 08:10:43.000
2016	1	1	2016-01-01 00:00:00.000	CTY	Sweden	SE	Hydro Water Reservoir 	15917.00	2016-07-15 08:11:15.000
2016	1	1	2016-01-01 00:00:00.000	CTY	Estonia	EE	Geothermal 	0.00	2016-07-15 08:05:29.000
2016	1	1	2016-01-01 00:00:00.000	CTY	Estonia	EE	Fossil Peat 	0.00	2016-07-15 08:05:29.000
2016	1	1	2016-01-01 00:00:00.000	BZN	Elering BZ	EE	Geothermal 	0.00	2016-07-15 08:05:29.000
2016	1	1	2016-01-01 00:00:00.000	BZN	Elering BZ	EE	Fossil Peat 	0.00	2016-07-15 08:05:29.000
2016	1	1	2016-01-01 00:00:00.000	CTA	CEPS CA	CZ	Hydro Run-of-river and poundage 	431.00	2016-04-04 10:32:13.000
2016	1	1	2016-01-01 00:00:00.000	CTA	CEPS CA	CZ	Other renewable 	500.00	2016-04-04 10:32:13.000
2016	1	1	2016-01-01 00:00:00.000	CTA	CEPS CA	CZ	Other 	0.00	2016-04-04 10:32:13.000
2016	1	1	2016-01-01 00:00:00.000	CTA	CEPS CA	CZ	Fossil Gas 	1226.00	2016-04-04 10:32:13.000
2016	1	1	2016-01-01 00:00:00.000	CTA	CEPS CA	CZ	Hydro Pumped Storage 	1172.00	2016-04-04 10:32:13.000
2016	1	1	2016-01-01 00:00:00.000	CTA	CEPS CA	CZ	Solar 	2067.00	2016-04-04 10:32:13.000
2016	1	1	2016-01-01 00:00:00.000	CTA	CEPS CA	CZ	Fossil Brown coal/Lignite 	8334.00	2016-04-04 10:32:13.000
2016	1	1	2016-01-01 00:00:00.000	CTA	CEPS CA	CZ	Biomass 	350.00	2016-04-04 10:32:13.000
2016	1	1	2016-01-01 00:00:00.000	CTA	CEPS CA	CZ	Fossil Hard coal 	1200.00	2016-04-04 10:32:13.000
2016	1	1	2016-01-01 00:00:00.000	BZN	Fingrid BZ	FI	Other 	1305.00	2016-07-15 08:09:05.000
2016	1	1	2016-01-01 00:00:00.000	BZN	TenneT NL BZ	NL	Fossil Gas 	19914.00	2016-07-15 08:10:35.000
2016	1	1	2016-01-01 00:00:00.000	BZN	TenneT NL BZ	NL	Fossil Coal-derived gas 	0.00	2016-07-15 08:10:35.000
2016	1	1	2016-01-01 00:00:00.000	CTY	Netherlands	NL	Fossil Coal-derived gas 	0.00	2016-07-15 08:10:35.000
2016	1	1	2016-01-01 00:00:00.000	CTY	Netherlands	NL	Fossil Gas 	19914.00	2016-07-15 08:10:35.000
2016	1	1	2016-01-01 00:00:00.000	BZN	TenneT NL BZ	NL	Wind Onshore 	3284.00	2016-07-15 08:10:44.000
2016	1	1	2016-01-01 00:00:00.000	CTY	Netherlands	NL	Wind Onshore 	3284.00	2016-07-15 08:10:44.000
2016	1	1	2016-01-01 00:00:00.000	CTY	Denmark	DK	Hydro Run-of-river and poundage 	9.00	2016-07-15 08:05:01.000
2016	1	1	2016-01-01 00:00:00.000	CTY	Denmark	DK	Fossil Oil 	1051.00	2016-07-15 08:05:01.000
2016	1	1	2016-01-01 00:00:00.000	CTY	Spain	ES	Solar 	6500.30	2016-07-15 08:08:56.000
2016	1	1	2016-01-01 00:00:00.000	BZN	REE BZ	ES	Solar 	6500.30	2016-07-15 08:08:56.000
2016	1	1	2016-01-01 00:00:00.000	BZN	MAVIR BZ	HU	Solar 	29.07	2016-07-15 08:09:41.000
2016	1	1	2016-01-01 00:00:00.000	BZN	MAVIR BZ	HU	Waste 	28.10	2016-07-15 08:09:41.000
2016	1	1	2016-01-01 00:00:00.000	CTY	Hungary	HU	Waste 	28.10	2016-07-15 08:09:41.000
2016	1	1	2016-01-01 00:00:00.000	CTY	Hungary	HU	Solar 	29.07	2016-07-15 08:09:41.000
2016	1	1	2016-01-01 00:00:00.000	BZN	TenneT NL BZ	NL	Nuclear 	486.00	2016-07-15 08:10:41.000
2016	1	1	2016-01-01 00:00:00.000	CTY	Netherlands	NL	Nuclear 	486.00	2016-07-15 08:10:41.000
2016	1	1	2016-01-01 00:00:00.000	BZN	PSE SA BZ	PL	Fossil Oil 	345.00	2016-07-15 08:10:48.000
2016	1	1	2016-01-01 00:00:00.000	BZN	PSE SA BZ	PL	Fossil Hard coal 	18478.63	2016-07-15 08:10:48.000
2016	1	1	2016-01-01 00:00:00.000	CTY	Poland	PL	Fossil Hard coal 	18478.63	2016-07-15 08:10:48.000
2016	1	1	2016-01-01 00:00:00.000	CTY	Poland	PL	Fossil Oil 	345.00	2016-07-15 08:10:48.000
2016	1	1	2016-01-01 00:00:00.000	CTA	REE CA	ES	Fossil Oil 	681.40	2015-12-15 11:00:06.000
2016	1	1	2016-01-01 00:00:00.000	CTA	REE CA	ES	Wind Onshore 	22772.10	2015-12-15 11:00:06.000
2016	1	1	2016-01-01 00:00:00.000	CTA	REE CA	ES	Geothermal 	0.00	2015-12-15 11:00:06.000
2016	1	1	2016-01-01 00:00:00.000	BZN	PSE SA BZ	PL	Hydro Run-of-river and poundage 	394.63	2016-07-15 08:10:49.000
2016	1	1	2016-01-01 00:00:00.000	BZN	PSE SA BZ	PL	Hydro Pumped Storage 	1770.12	2016-07-15 08:10:49.000
2016	1	1	2016-01-01 00:00:00.000	CTY	Poland	PL	Hydro Run-of-river and poundage 	394.63	2016-07-15 08:10:49.000
2016	1	1	2016-01-01 00:00:00.000	CTY	Poland	PL	Hydro Pumped Storage 	1770.12	2016-07-15 08:10:49.000
2016	1	1	2016-01-01 00:00:00.000	BZN	PSE SA BZ	PL	Hydro Water Reservoir 	156.17	2016-07-15 08:10:50.000
2016	1	1	2016-01-01 00:00:00.000	CTY	Poland	PL	Hydro Water Reservoir 	156.17	2016-07-15 08:10:50.000
2016	1	1	2016-01-01 00:00:00.000	CTY	Sweden	SE	Other 	8376.00	2016-07-15 08:11:17.000
2016	1	1	2016-01-01 00:00:00.000	CTY	Netherlands	NL	Hydro Pumped Storage 	0.00	2016-07-15 08:10:39.000
2016	1	1	2016-01-01 00:00:00.000	BZN	Transelectrica BZ	RO	Biomass 	95.00	2016-07-15 08:11:04.000
2016	1	1	2016-01-01 00:00:00.000	CTY	Romania	RO	Biomass 	95.00	2016-07-15 08:11:04.000
2016	1	1	2016-01-01 00:00:00.000	CTY	Germany	DE	Fossil Hard coal 	28670.00	2017-11-10 11:00:22.000
2016	1	1	2016-01-01 00:00:00.000	CTY	Germany	DE	Hydro Water Reservoir 	689.20	2017-11-10 11:00:22.000
2016	1	1	2016-01-01 00:00:00.000	CTY	Germany	DE	Waste 	1580.90	2017-11-10 11:00:22.000
2016	1	1	2016-01-01 00:00:00.000	CTY	Germany	DE	Fossil Peat 	0.00	2017-11-10 11:00:22.000
2016	1	1	2016-01-01 00:00:00.000	BZN	DE-AT-LU	DE_AT_LU	Waste 	1746.00	2017-11-10 11:00:22.000
2016	1	1	2016-01-01 00:00:00.000	BZN	DE-AT-LU	DE_AT_LU	Fossil Peat 	0.00	2017-11-10 11:00:22.000
2016	1	1	2016-01-01 00:00:00.000	BZN	DE-AT-LU	DE_AT_LU	Fossil Hard coal 	29436.00	2017-11-10 11:00:22.000
2016	1	1	2016-01-01 00:00:00.000	BZN	DE-AT-LU	DE_AT_LU	Hydro Water Reservoir 	3665.10	2017-11-10 11:00:22.000
2016	1	1	2016-01-01 00:00:00.000	CTY	Lithuania	LT	Fossil Oil 	160.00	2016-07-15 08:09:57.000
2016	1	1	2016-01-01 00:00:00.000	BZN	Litgrid BZ	LT	Fossil Oil 	160.00	2016-07-15 08:09:57.000
2016	1	1	2016-01-01 00:00:00.000	CTY	Former Yugoslav Republic of Macedonia	MK	Fossil Brown coal/Lignite 	1076.00	2016-07-15 08:10:21.000
2016	1	1	2016-01-01 00:00:00.000	BZN	MEPSO BZ	MK	Fossil Brown coal/Lignite 	1076.00	2016-07-15 08:10:21.000
2016	1	1	2016-01-01 00:00:00.000	CTY	Netherlands	NL	Hydro Water Reservoir 	0.00	2016-07-15 08:10:40.000
2016	1	1	2016-01-01 00:00:00.000	CTY	Netherlands	NL	Marine 	0.00	2016-07-15 08:10:40.000
2016	1	1	2016-01-01 00:00:00.000	BZN	TenneT NL BZ	NL	Hydro Water Reservoir 	0.00	2016-07-15 08:10:40.000
2016	1	1	2016-01-01 00:00:00.000	BZN	TenneT NL BZ	NL	Marine 	0.00	2016-07-15 08:10:40.000
2016	1	1	2016-01-01 00:00:00.000	BZN	Elia BZ	BE	Solar 	2952.78	2016-11-16 10:38:30.000
2016	1	1	2016-01-01 00:00:00.000	CTY	Belgium	BE	Solar 	2952.78	2016-11-16 10:38:30.000
2016	1	1	2016-01-01 00:00:00.000	CTY	Germany	DE	Fossil Oil shale 	0.00	2017-11-10 11:00:21.000
2016	1	1	2016-01-01 00:00:00.000	CTY	Germany	DE	Geothermal 	33.42	2017-11-10 11:00:21.000
2016	1	1	2016-01-01 00:00:00.000	BZN	DE-AT-LU	DE_AT_LU	Geothermal 	34.32	2017-11-10 11:00:21.000
2016	1	1	2016-01-01 00:00:00.000	BZN	DE-AT-LU	DE_AT_LU	Fossil Oil shale 	0.00	2017-11-10 11:00:21.000
2016	1	1	2016-01-01 00:00:00.000	CTY	Germany	DE	Other renewable 	514.55	2017-11-10 11:00:28.000
2016	1	1	2016-01-01 00:00:00.000	BZN	DE-AT-LU	DE_AT_LU	Other renewable 	547.05	2017-11-10 11:00:28.000
2016	1	1	2016-01-01 00:00:00.000	BZN	TenneT NL BZ	NL	Geothermal 	0.00	2016-07-15 08:10:38.000
2016	1	1	2016-01-01 00:00:00.000	CTY	Netherlands	NL	Geothermal 	0.00	2016-07-15 08:10:38.000
2016	1	1	2016-01-01 00:00:00.000	CTY	Netherlands	NL	Fossil Peat 	0.00	2016-07-15 08:10:38.000
2016	1	1	2016-01-01 00:00:00.000	CTA	RTE CA	FR	Wind Offshore 	10.00	2016-11-22 09:30:12.000
2016	1	1	2016-01-01 00:00:00.000	CTA	RTE CA	FR	Other 	62.00	2016-11-22 09:30:12.000
2016	1	1	2016-01-01 00:00:00.000	CTA	RTE CA	FR	Hydro Pumped Storage 	4965.00	2016-11-22 09:30:12.000
2016	1	1	2016-01-01 00:00:00.000	CTA	RTE CA	FR	Marine 	240.00	2016-11-22 09:30:12.000
2016	1	1	2016-01-01 00:00:00.000	CTA	RTE CA	FR	Solar 	396.60	2016-11-22 09:30:12.000
2016	1	1	2016-01-01 00:00:00.000	CTA	RTE CA	FR	Nuclear 	63130.00	2016-11-22 09:30:12.000
2016	1	1	2016-01-01 00:00:00.000	CTA	RTE CA	FR	Wind Onshore 	1426.00	2016-11-22 09:30:12.000
2016	1	1	2016-01-01 00:00:00.000	CTA	RTE CA	FR	Fossil Hard coal 	2930.00	2016-11-22 09:30:12.000
2016	1	1	2016-01-01 00:00:00.000	CTA	RTE CA	FR	Hydro Water Reservoir 	8204.00	2016-11-22 09:30:12.000
2016	1	1	2016-01-01 00:00:00.000	CTA	RTE CA	FR	Fossil Oil 	6670.00	2016-11-22 09:30:12.000
2016	1	1	2016-01-01 00:00:00.000	CTA	RTE CA	FR	Hydro Run-of-river and poundage 	10325.50	2016-11-22 09:30:12.000
2016	1	1	2016-01-01 00:00:00.000	CTA	RTE CA	FR	Fossil Gas 	6121.00	2016-11-22 09:30:12.000
2016	1	1	2016-01-01 00:00:00.000	CTA	RTE CA	FR	Biomass 	170.00	2016-11-22 09:30:12.000
2016	1	1	2016-01-01 00:00:00.000	CTA	Elia CA	BE	Fossil Gas 	5373.39	2016-11-16 10:01:05.000
2016	1	1	2016-01-01 00:00:00.000	CTA	Elia CA	BE	Hydro Run-of-river and poundage 	117.22	2016-11-16 10:01:05.000
2016	1	1	2016-01-01 00:00:00.000	CTA	Elia CA	BE	Wind Offshore 	712.20	2016-11-16 10:01:05.000
2016	1	1	2016-01-01 00:00:00.000	CTA	Elia CA	BE	Hydro Pumped Storage 	1308.00	2016-11-16 10:01:05.000
2016	1	1	2016-01-01 00:00:00.000	CTA	Elia CA	BE	Solar 	2952.78	2016-11-16 10:01:05.000
2016	1	1	2016-01-01 00:00:00.000	CTA	Elia CA	BE	Nuclear 	5919.00	2016-11-16 10:01:05.000
2016	1	1	2016-01-01 00:00:00.000	CTA	Elia CA	BE	Wind Onshore 	1248.71	2016-11-16 10:01:05.000
2016	1	1	2016-01-01 00:00:00.000	CTA	Elia CA	BE	Fossil Hard coal 	470.00	2016-11-16 10:01:05.000
2016	1	1	2016-01-01 00:00:00.000	CTA	Elia CA	BE	Waste 	367.96	2016-11-16 10:01:05.000
2016	1	1	2016-01-01 00:00:00.000	CTA	Elia CA	BE	Fossil Oil 	145.43	2016-11-16 10:01:05.000
2016	1	1	2016-01-01 00:00:00.000	CTA	Elia CA	BE	Biomass 	709.53	2016-11-16 10:01:05.000
2016	1	1	2016-01-01 00:00:00.000	CTY	France	FR	Hydro Pumped Storage 	4965.00	2016-11-22 10:27:13.000
2016	1	1	2016-01-01 00:00:00.000	CTY	France	FR	Fossil Hard coal 	2930.00	2016-11-22 10:27:13.000
2016	1	1	2016-01-01 00:00:00.000	CTY	France	FR	Wind Offshore 	10.00	2016-11-22 10:27:13.000
2016	1	1	2016-01-01 00:00:00.000	BZN	RTE BZ	FR	Fossil Hard coal 	2930.00	2016-11-22 10:27:13.000
2016	1	1	2016-01-01 00:00:00.000	BZN	RTE BZ	FR	Hydro Pumped Storage 	4965.00	2016-11-22 10:27:13.000
2016	1	1	2016-01-01 00:00:00.000	BZN	RTE BZ	FR	Wind Offshore 	10.00	2016-11-22 10:27:13.000
2016	1	1	2016-01-01 00:00:00.000	CTA	50Hertz CA	DE_50HzT	Solar 	8901.00	2017-07-28 10:28:49.000
2016	1	1	2016-01-01 00:00:00.000	CTA	Fingrid CA	FI	Fossil Hard coal 	3416.00	2015-12-22 07:26:05.000
2016	1	1	2016-01-01 00:00:00.000	CTY	Luxembourg	LU	Wind Offshore 	0.00	2017-06-27 11:36:35.000
2016	1	1	2016-01-01 00:00:00.000	CTY	Luxembourg	LU	Fossil Brown coal/Lignite 	0.00	2017-06-27 11:36:35.000
2016	1	1	2016-01-01 00:00:00.000	CTY	Luxembourg	LU	Fossil Oil 	0.00	2017-06-27 11:36:35.000
2016	1	1	2016-01-01 00:00:00.000	CTY	Luxembourg	LU	Solar 	1.00	2017-06-27 11:36:35.000
2016	1	1	2016-01-01 00:00:00.000	CTY	Luxembourg	LU	Hydro Run-of-river and poundage 	25.00	2017-06-27 11:36:35.000
2016	1	1	2016-01-01 00:00:00.000	CTY	Luxembourg	LU	Wind Onshore 	124.00	2017-06-27 11:36:35.000
2016	1	1	2016-01-01 00:00:00.000	CTA	50Hertz CA	DE_50HzT	Wind Offshore 	336.00	2016-06-03 13:53:05.000
2016	1	1	2016-01-01 00:00:00.000	CTA	APG CA	AT	Hydro Pumped Storage 	2971.10	2016-12-21 09:28:34.000
2016	1	1	2016-01-01 00:00:00.000	CTA	APG CA	AT	Marine 	0.00	2016-12-21 09:28:34.000
2016	1	1	2016-01-01 00:00:00.000	BZN	REE BZ	ES	Geothermal 	0.00	2016-07-15 08:08:50.000
2016	1	1	2016-01-01 00:00:00.000	CTY	Spain	ES	Geothermal 	0.00	2016-07-15 08:08:50.000
2016	1	1	2016-01-01 00:00:00.000	CTY	Finland	FI	Waste 	47.00	2016-07-15 08:09:04.000
2016	1	1	2016-01-01 00:00:00.000	CTY	Finland	FI	Other renewable 	82.00	2016-07-15 08:09:04.000
2016	1	1	2016-01-01 00:00:00.000	BZN	Fingrid BZ	FI	Waste 	47.00	2016-07-15 08:09:04.000
2016	1	1	2016-01-01 00:00:00.000	BZN	Fingrid BZ	FI	Other renewable 	82.00	2016-07-15 08:09:04.000
2016	1	1	2016-01-01 00:00:00.000	CTY	Lithuania	LT	Biomass 	65.00	2016-07-15 08:09:54.000
2016	1	1	2016-01-01 00:00:00.000	BZN	Litgrid BZ	LT	Biomass 	65.00	2016-07-15 08:09:54.000
2016	1	1	2016-01-01 00:00:00.000	BZN	TenneT NL BZ	NL	Fossil Oil 	0.00	2016-07-15 08:10:36.000
2016	1	1	2016-01-01 00:00:00.000	BZN	TenneT NL BZ	NL	Fossil Hard coal 	5658.00	2016-07-15 08:10:36.000
2016	1	1	2016-01-01 00:00:00.000	CTY	Netherlands	NL	Fossil Hard coal 	5658.00	2016-07-15 08:10:36.000
2016	1	1	2016-01-01 00:00:00.000	CTY	Netherlands	NL	Fossil Oil 	0.00	2016-07-15 08:10:36.000
2016	1	1	2016-01-01 00:00:00.000	BZN	PSE SA BZ	PL	Biomass 	434.67	2016-07-15 08:10:45.000
2016	1	1	2016-01-01 00:00:00.000	CTY	Poland	PL	Biomass 	434.67	2016-07-15 08:10:45.000
2016	1	1	2016-01-01 00:00:00.000	BZN	TenneT NL BZ	NL	Other 	0.00	2016-07-15 08:10:45.000
2016	1	1	2016-01-01 00:00:00.000	CTY	Netherlands	NL	Other 	0.00	2016-07-15 08:10:45.000
2016	1	1	2016-01-01 00:00:00.000	CTA	TenneT GER CA	DE_TenneT_GER	Biomass 	2915.60	2017-08-09 11:11:23.000
2016	1	1	2016-01-01 00:00:00.000	CTA	APG CA	AT	Solar 	723.00	2016-12-21 09:28:34.000
2016	1	1	2016-01-01 00:00:00.000	CTA	APG CA	AT	Nuclear 	0.00	2016-12-21 09:28:34.000
2016	1	1	2016-01-01 00:00:00.000	CTA	APG CA	AT	Biomass 	473.60	2016-12-21 09:28:34.000
2016	1	1	2016-01-01 00:00:00.000	CTA	APG CA	AT	Fossil Oil shale 	0.00	2016-12-21 09:28:34.000
2016	1	1	2016-01-01 00:00:00.000	CTA	APG CA	AT	Wind Offshore 	0.00	2016-12-21 09:28:34.000
2016	1	1	2016-01-01 00:00:00.000	CTA	APG CA	AT	Fossil Brown coal/Lignite 	0.00	2016-12-21 09:28:34.000
2016	1	1	2016-01-01 00:00:00.000	CTA	APG CA	AT	Other renewable 	32.50	2016-12-21 09:28:34.000
2016	1	1	2016-01-01 00:00:00.000	CTA	APG CA	AT	Other 	22.80	2016-12-21 09:28:34.000
2016	1	1	2016-01-01 00:00:00.000	CTA	APG CA	AT	Geothermal 	0.90	2016-12-21 09:28:34.000
2016	1	1	2016-01-01 00:00:00.000	CTA	APG CA	AT	Hydro Run-of-river and poundage 	5574.70	2016-12-21 09:28:34.000
2016	1	1	2016-01-01 00:00:00.000	CTA	APG CA	AT	Waste 	144.10	2016-12-21 09:28:34.000
2016	1	1	2016-01-01 00:00:00.000	CTA	APG CA	AT	Fossil Peat 	0.00	2016-12-21 09:28:34.000
2016	1	1	2016-01-01 00:00:00.000	CTA	APG CA	AT	Wind Onshore 	2497.40	2016-12-21 09:28:34.000
2016	1	1	2016-01-01 00:00:00.000	CTA	APG CA	AT	Hydro Water Reservoir 	2964.90	2016-12-21 09:28:34.000
2016	1	1	2016-01-01 00:00:00.000	CTA	APG CA	AT	Fossil Hard coal 	766.00	2016-12-21 09:28:34.000
2016	1	1	2016-01-01 00:00:00.000	CTA	APG CA	AT	Fossil Coal-derived gas 	0.00	2016-12-21 09:28:34.000
2016	1	1	2016-01-01 00:00:00.000	CTA	APG CA	AT	Fossil Oil 	177.90	2016-12-21 09:28:34.000
2016	1	1	2016-01-01 00:00:00.000	CTA	APG CA	AT	Fossil Gas 	4465.80	2016-12-21 09:28:34.000
2016	1	1	2016-01-01 00:00:00.000	CTY	France	FR	Solar 	396.60	2016-11-22 10:27:10.000
2016	1	1	2016-01-01 00:00:00.000	BZN	RTE BZ	FR	Solar 	396.60	2016-11-22 10:27:10.000
2016	1	1	2016-01-01 00:00:00.000	CTY	France	FR	Hydro Water Reservoir 	8204.00	2016-11-22 10:27:12.000
2016	1	1	2016-01-01 00:00:00.000	CTY	France	FR	Fossil Oil 	6670.00	2016-11-22 10:27:12.000
2016	1	1	2016-01-01 00:00:00.000	CTY	France	FR	Biomass 	170.00	2016-11-22 10:27:12.000
2016	1	1	2016-01-01 00:00:00.000	BZN	RTE BZ	FR	Biomass 	170.00	2016-11-22 10:27:12.000
2016	1	1	2016-01-01 00:00:00.000	BZN	RTE BZ	FR	Hydro Water Reservoir 	8204.00	2016-11-22 10:27:12.000
2016	1	1	2016-01-01 00:00:00.000	BZN	RTE BZ	FR	Fossil Oil 	6670.00	2016-11-22 10:27:12.000
2016	1	1	2016-01-01 00:00:00.000	BZN	swissgrid BZ	CH	Hydro Run-of-river and poundage 	190.00	2016-07-15 08:07:57.000
2016	1	1	2016-01-01 00:00:00.000	CTY	Switzerland	CH	Hydro Run-of-river and poundage 	190.00	2016-07-15 08:07:57.000
2016	1	1	2016-01-01 00:00:00.000	BZN	MAVIR BZ	HU	Biomass 	245.95	2016-07-15 08:09:36.000
2016	1	1	2016-01-01 00:00:00.000	CTY	Hungary	HU	Biomass 	245.95	2016-07-15 08:09:36.000
2016	1	1	2016-01-01 00:00:00.000	BZN	TenneT NL BZ	NL	Fossil Oil shale 	0.00	2016-07-15 08:10:37.000
2016	1	1	2016-01-01 00:00:00.000	CTY	Netherlands	NL	Fossil Oil shale 	0.00	2016-07-15 08:10:37.000
2016	1	1	2016-01-01 00:00:00.000	BZN	PSE SA BZ	PL	Fossil Coal-derived gas 	158.00	2016-07-15 08:10:46.000
2016	1	1	2016-01-01 00:00:00.000	CTA	Italy CA	IT	Wind Offshore 	0.00	2016-12-29 11:17:10.000
2016	1	1	2016-01-01 00:00:00.000	CTA	Italy CA	IT	Fossil Hard coal 	6386.00	2016-12-29 11:17:10.000
2016	1	1	2016-01-01 00:00:00.000	CTA	Italy CA	IT	Other renewable 	0.00	2016-12-29 11:17:10.000
2016	1	1	2016-01-01 00:00:00.000	CTA	Italy CA	IT	Fossil Coal-derived gas 	766.00	2016-12-29 11:17:10.000
2016	1	1	2016-01-01 00:00:00.000	CTA	Italy CA	IT	Fossil Oil 	8802.00	2016-12-29 11:17:10.000
2016	1	1	2016-01-01 00:00:00.000	CTA	Italy CA	IT	Hydro Run-of-river and poundage 	10482.00	2016-12-29 11:17:10.000
2016	1	1	2016-01-01 00:00:00.000	CTA	Italy CA	IT	Hydro Pumped Storage 	7064.00	2016-12-29 11:17:10.000
2016	1	1	2016-01-01 00:00:00.000	CTA	Italy CA	IT	Marine 	0.00	2016-12-29 11:17:10.000
2016	1	1	2016-01-01 00:00:00.000	CTA	Italy CA	IT	Solar 	4768.00	2016-12-29 11:17:10.000
2016	1	1	2016-01-01 00:00:00.000	CTA	Italy CA	IT	Fossil Gas 	29923.00	2016-12-29 11:17:10.000
2016	1	1	2016-01-01 00:00:00.000	CTA	Italy CA	IT	Hydro Water Reservoir 	4226.00	2016-12-29 11:17:10.000
2016	1	1	2016-01-01 00:00:00.000	CTA	Italy CA	IT	Wind Onshore 	8739.00	2016-12-29 11:17:10.000
2016	1	1	2016-01-01 00:00:00.000	CTA	Italy CA	IT	Waste 	248.00	2016-12-29 11:17:10.000
2016	1	1	2016-01-01 00:00:00.000	CTA	Italy CA	IT	Geothermal 	869.00	2016-12-29 11:17:10.000
2016	1	1	2016-01-01 00:00:00.000	CTA	Italy CA	IT	Fossil Brown coal/Lignite 	0.00	2016-12-29 11:17:10.000
2016	1	1	2016-01-01 00:00:00.000	CTA	Italy CA	IT	Fossil Peat 	0.00	2016-12-29 11:17:10.000
2016	1	1	2016-01-01 00:00:00.000	CTA	Italy CA	IT	Other 	13911.00	2016-12-29 11:17:10.000
2016	1	1	2016-01-01 00:00:00.000	CTA	Italy CA	IT	Biomass 	1610.00	2016-12-29 11:17:10.000
2016	1	1	2016-01-01 00:00:00.000	BZN	PSE SA BZ	PL	Fossil Brown coal/Lignite 	8483.02	2016-07-15 08:10:46.000
2016	1	1	2016-01-01 00:00:00.000	CTY	Poland	PL	Fossil Brown coal/Lignite 	8483.02	2016-07-15 08:10:46.000
2016	1	1	2016-01-01 00:00:00.000	CTY	Poland	PL	Fossil Coal-derived gas 	158.00	2016-07-15 08:10:46.000
2016	1	1	2016-01-01 00:00:00.000	CTA	CEPS CA	CZ	Waste 	0.00	2016-03-29 11:00:13.000
2016	1	1	2016-01-01 00:00:00.000	CTA	CEPS CA	CZ	Nuclear 	4040.00	2016-03-29 11:00:13.000
2016	1	1	2016-01-01 00:00:00.000	CTA	CEPS CA	CZ	Fossil Coal-derived gas 	380.00	2016-03-29 11:00:13.000
2016	1	1	2016-01-01 00:00:00.000	CTA	CEPS CA	CZ	Fossil Oil 	0.00	2016-03-29 11:00:13.000
2016	1	1	2016-01-01 00:00:00.000	CTA	CEPS CA	CZ	Hydro Water Reservoir 	650.00	2016-03-29 11:00:13.000
2016	1	1	2016-01-01 00:00:00.000	CTA	TenneT GER CA	DE_TenneT_GER	Other renewable 	67.72	2017-08-09 11:15:36.000
2016	1	1	2016-01-01 00:00:00.000	CTA	EirGrid CA	IE	Fossil Peat 	343.60	2015-12-23 15:00:24.000
2016	1	1	2016-01-01 00:00:00.000	CTA	EirGrid CA	IE	Hydro Run-of-river and poundage 	216.00	2015-12-23 15:00:24.000
2016	1	1	2016-01-01 00:00:00.000	CTA	EirGrid CA	IE	Hydro Pumped Storage 	292.00	2015-12-23 15:00:24.000
2016	1	1	2016-01-01 00:00:00.000	CTA	EirGrid CA	IE	Other 	647.00	2015-12-23 15:00:24.000
2016	1	1	2016-01-01 00:00:00.000	CTA	EirGrid CA	IE	Fossil Oil 	811.00	2015-12-23 15:00:24.000
2016	1	1	2016-01-01 00:00:00.000	CTA	EirGrid CA	IE	Wind Onshore 	1919.63	2015-12-23 15:00:24.000
2016	1	1	2016-01-01 00:00:00.000	CTA	EirGrid CA	IE	Fossil Hard coal 	855.00	2015-12-23 15:00:24.000
2016	1	1	2016-01-01 00:00:00.000	CTA	EirGrid CA	IE	Fossil Gas 	3801.00	2015-12-23 15:00:24.000
2016	1	1	2016-01-01 00:00:00.000	CTA	SONI CA	NIE	Other 	116.00	2015-12-23 15:00:31.000
2016	1	1	2016-01-01 00:00:00.000	CTA	SONI CA	NIE	Fossil Gas 	1539.00	2015-12-23 15:00:31.000
2016	1	1	2016-01-01 00:00:00.000	CTA	SONI CA	NIE	Wind Onshore 	576.10	2015-12-23 15:00:31.000
2016	1	1	2016-01-01 00:00:00.000	CTA	SONI CA	NIE	Fossil Oil 	316.00	2015-12-23 15:00:31.000
2016	1	1	2016-01-01 00:00:00.000	CTA	SONI CA	NIE	Fossil Hard coal 	476.00	2015-12-23 15:00:31.000
2016	1	1	2016-01-01 00:00:00.000	BZN	National Grid BZ	GB	Biomass 	1890.00	2016-07-15 08:09:14.000
2016	1	1	2016-01-01 00:00:00.000	BZN	National Grid BZ	GB	Fossil Gas 	25702.00	2016-07-15 08:09:14.000
2016	1	1	2016-01-01 00:00:00.000	CTY	United Kingdom	GB	Biomass 	1890.00	2016-07-15 08:09:14.000
2016	1	1	2016-01-01 00:00:00.000	CTY	United Kingdom	GB	Fossil Gas 	27241.00	2016-07-15 08:09:14.000
2016	1	1	2016-01-01 00:00:00.000	BZN	National Grid BZ	GB	Other 	4501.00	2016-07-15 08:09:20.000
2016	1	1	2016-01-01 00:00:00.000	BZN	National Grid BZ	GB	Wind Onshore 	8562.00	2016-07-15 08:09:20.000
2016	1	1	2016-01-01 00:00:00.000	CTY	United Kingdom	GB	Other 	4617.00	2016-07-15 08:09:20.000
2016	1	1	2016-01-01 00:00:00.000	CTY	United Kingdom	GB	Wind Onshore 	9138.10	2016-07-15 08:09:20.000
2016	1	1	2016-01-01 00:00:00.000	CTA	REN CA	PT	Fossil Gas 	4695.20	2015-12-15 08:03:22.000
2016	1	1	2016-01-01 00:00:00.000	CTA	REN CA	PT	Fossil Hard coal 	1756.00	2015-12-15 08:03:22.000
2016	1	1	2016-01-01 00:00:00.000	CTY	Portugal	PT	Fossil Coal-derived gas 	0.00	2016-07-15 08:10:53.000
2016	1	1	2016-01-01 00:00:00.000	BZN	REN BZ	PT	Fossil Coal-derived gas 	0.00	2016-07-15 08:10:53.000
2016	1	1	2016-01-01 00:00:00.000	CTY	Ireland	IE	Wind Onshore 	1919.63	2016-06-19 23:07:18.000
2016	1	1	2016-01-01 00:00:00.000	CTY	Portugal	PT	Fossil Peat 	0.00	2016-07-15 08:10:56.000
2016	1	1	2016-01-01 00:00:00.000	CTY	Portugal	PT	Fossil Oil shale 	0.00	2016-07-15 08:10:56.000
2016	1	1	2016-01-01 00:00:00.000	BZN	REN BZ	PT	Fossil Peat 	0.00	2016-07-15 08:10:56.000
2016	1	1	2016-01-01 00:00:00.000	BZN	REN BZ	PT	Fossil Oil shale 	0.00	2016-07-15 08:10:56.000
2016	1	1	2016-01-01 00:00:00.000	CTY	Portugal	PT	Waste 	0.00	2016-07-15 08:11:01.000
2016	1	1	2016-01-01 00:00:00.000	BZN	REN BZ	PT	Waste 	0.00	2016-07-15 08:11:01.000
2016	1	1	2016-01-01 00:00:00.000	CTY	Portugal	PT	Wind Offshore 	0.00	2016-07-15 08:11:02.000
2016	1	1	2016-01-01 00:00:00.000	BZN	REN BZ	PT	Wind Offshore 	0.00	2016-07-15 08:11:02.000
2016	1	1	2016-01-01 00:00:00.000	CTA	National Grid CA	GB	Biomass 	1890.00	2016-01-13 11:07:08.000
2016	1	1	2016-01-01 00:00:00.000	CTA	National Grid CA	GB	Other renewable 	1817.00	2016-01-13 11:07:08.000
2016	1	1	2016-01-01 00:00:00.000	CTA	National Grid CA	GB	Other 	4501.00	2016-01-13 11:07:08.000
2016	1	1	2016-01-01 00:00:00.000	CTA	National Grid CA	GB	Hydro Pumped Storage 	2744.00	2016-01-13 11:07:08.000
2016	1	1	2016-01-01 00:00:00.000	CTA	National Grid CA	GB	Solar 	3954.00	2016-01-13 11:07:08.000
2016	1	1	2016-01-01 00:00:00.000	CTA	National Grid CA	GB	Wind Onshore 	8562.00	2016-01-13 11:07:08.000
2016	1	1	2016-01-01 00:00:00.000	CTA	National Grid CA	GB	Fossil Gas 	25702.00	2016-01-13 11:07:08.000
2016	1	1	2016-01-01 00:00:00.000	CTA	National Grid CA	GB	Fossil Oil 	792.00	2016-01-13 11:07:08.000
2016	1	1	2016-01-01 00:00:00.000	CTA	National Grid CA	GB	Hydro Run-of-river and poundage 	1540.00	2016-01-13 11:07:08.000
2016	1	1	2016-01-01 00:00:00.000	CTA	National Grid CA	GB	Nuclear 	8981.00	2016-01-13 11:07:08.000
2016	1	1	2016-01-01 00:00:00.000	CTA	National Grid CA	GB	Fossil Hard coal 	14889.00	2016-01-13 11:07:08.000
2016	1	1	2016-01-01 00:00:00.000	CTA	National Grid CA	GB	Wind Offshore 	5011.00	2016-01-13 11:07:08.000
2016	1	1	2016-01-01 00:00:00.000	CTA	REN CA	PT	Nuclear 	0.00	2015-12-15 08:03:21.000
2016	1	1	2016-01-01 00:00:00.000	CTA	REN CA	PT	Fossil Coal-derived gas 	0.00	2015-12-15 08:03:21.000
2016	1	1	2016-01-01 00:00:00.000	CTA	REN CA	PT	Fossil Oil 	0.00	2015-12-15 08:03:21.000
2016	1	1	2016-01-01 00:00:00.000	CTA	REN CA	PT	Geothermal 	0.00	2015-12-15 08:03:21.000
2016	1	1	2016-01-01 00:00:00.000	CTA	REN CA	PT	Waste 	0.00	2015-12-15 08:03:21.000
2016	1	1	2016-01-01 00:00:00.000	CTA	REN CA	PT	Wind Offshore 	0.00	2015-12-15 08:03:21.000
2016	1	1	2016-01-01 00:00:00.000	CTA	REN CA	PT	Fossil Brown coal/Lignite 	0.00	2015-12-15 08:03:21.000
2016	1	1	2016-01-01 00:00:00.000	CTA	REN CA	PT	Fossil Peat 	0.00	2015-12-15 08:03:21.000
2016	1	1	2016-01-01 00:00:00.000	CTA	REN CA	PT	Marine 	0.00	2015-12-15 08:03:21.000
2016	1	1	2016-01-01 00:00:00.000	CTA	REN CA	PT	Other renewable 	0.00	2015-12-15 08:03:21.000
2016	1	1	2016-01-01 00:00:00.000	CTA	REN CA	PT	Fossil Oil shale 	0.00	2015-12-15 08:03:21.000
2016	1	1	2016-01-01 00:00:00.000	CTA	REN CA	PT	Hydro Water Reservoir 	1510.90	2015-12-15 08:03:24.000
2016	1	1	2016-01-01 00:00:00.000	CTA	REN CA	PT	Hydro Run-of-river and poundage 	2986.80	2015-12-15 08:03:41.000
2016	1	1	2016-01-01 00:00:00.000	CTY	Portugal	PT	Geothermal 	0.00	2016-07-15 08:10:57.000
2016	1	1	2016-01-01 00:00:00.000	CTY	Portugal	PT	Hydro Pumped Storage 	1623.40	2016-07-15 08:10:57.000
2016	1	1	2016-01-01 00:00:00.000	BZN	REN BZ	PT	Geothermal 	0.00	2016-07-15 08:10:57.000
2016	1	1	2016-01-01 00:00:00.000	BZN	REN BZ	PT	Hydro Pumped Storage 	1623.40	2016-07-15 08:10:57.000
2016	1	1	2016-01-01 00:00:00.000	CTY	Portugal	PT	Hydro Water Reservoir 	1510.90	2016-07-15 08:10:58.000
2016	1	1	2016-01-01 00:00:00.000	CTY	Portugal	PT	Hydro Run-of-river and poundage 	2986.80	2016-07-15 08:10:58.000
2016	1	1	2016-01-01 00:00:00.000	BZN	REN BZ	PT	Hydro Run-of-river and poundage 	2986.80	2016-07-15 08:10:58.000
2016	1	1	2016-01-01 00:00:00.000	BZN	REN BZ	PT	Hydro Water Reservoir 	1510.90	2016-07-15 08:10:58.000
2016	1	1	2016-01-01 00:00:00.000	CTY	Portugal	PT	Solar 	251.30	2016-07-15 08:11:00.000
2016	1	1	2016-01-01 00:00:00.000	CTA	REN CA	PT	Solar 	251.30	2015-12-15 08:03:25.000
2016	1	1	2016-01-01 00:00:00.000	CTA	REN CA	PT	Wind Onshore 	4617.10	2015-12-15 08:03:42.000
2016	1	1	2016-01-01 00:00:00.000	BZN	National Grid BZ	GB	Solar 	3954.00	2016-07-15 08:09:18.000
2016	1	1	2016-01-01 00:00:00.000	BZN	National Grid BZ	GB	Other renewable 	1817.00	2016-07-15 08:09:18.000
2016	1	1	2016-01-01 00:00:00.000	CTY	United Kingdom	GB	Solar 	3954.00	2016-07-15 08:09:18.000
2016	1	1	2016-01-01 00:00:00.000	CTY	United Kingdom	GB	Other renewable 	1817.00	2016-07-15 08:09:18.000
2016	1	1	2016-01-01 00:00:00.000	CTY	Ireland	IE	Fossil Oil 	811.00	2016-06-19 23:07:11.000
2016	1	1	2016-01-01 00:00:00.000	CTY	Ireland	IE	Fossil Gas 	3801.00	2016-06-19 23:07:11.000
2016	1	1	2016-01-01 00:00:00.000	CTY	Ireland	IE	Fossil Hard coal 	855.00	2016-06-19 23:07:11.000
2016	1	1	2016-01-01 00:00:00.000	BZN	National Grid BZ	GB	Wind Offshore 	5011.00	2016-07-15 08:09:19.000
2016	1	1	2016-01-01 00:00:00.000	CTY	United Kingdom	GB	Wind Offshore 	5011.00	2016-07-15 08:09:19.000
