year	month	day	DateTime	AreaTypeCode	AreaName	MapCode	TotalLoadValue	SubmissionTS
2017	1	26	2017-01-26 15:45:00.000	BZN	Elia BZ	BE	12567.400000	2017-03-27 14:31:28.000
2017	1	29	2017-01-29 20:00:00.000	BZN	SE3 BZ	SE3	11980.000000	2017-01-29 23:33:30.000
2017	1	26	2017-01-26 08:15:00.000	BZN	Elia BZ	BE	13123.420000	2017-03-27 14:31:28.000
2017	1	26	2017-01-26 16:15:00.000	BZN	Elia BZ	BE	12702.440000	2017-03-27 14:31:28.000
2017	1	26	2017-01-26 11:15:00.000	BZN	Elia BZ	BE	12462.160000	2017-03-27 14:31:28.000
2017	1	14	2017-01-14 06:30:00.000	BZN	Ireland - (SEM) BZ	IE_SEM	3297.720000	2017-04-26 12:59:06.000
2017	1	6	2017-01-06 01:00:00.000	BZN	Ireland - (SEM) BZ	IE_SEM	3640.680000	2017-04-26 12:58:44.000
2017	1	14	2017-01-14 17:30:00.000	BZN	Ireland - (SEM) BZ	IE_SEM	5355.260000	2017-04-26 12:59:06.000
2017	1	6	2017-01-06 04:00:00.000	BZN	Ireland - (SEM) BZ	IE_SEM	3169.530000	2017-04-26 12:58:44.000
2017	1	14	2017-01-14 14:30:00.000	BZN	Ireland - (SEM) BZ	IE_SEM	4666.510000	2017-04-26 12:59:06.000
2017	1	7	2017-01-07 22:00:00.000	BZN	Ireland - (SEM) BZ	IE_SEM	4250.500000	2017-04-26 12:59:27.000
2017	1	11	2017-01-11 11:45:00.000	BZN	DE-AT-LU	DE_AT_LU	88322.130000	2017-05-10 15:22:07.000
2017	1	22	2017-01-22 11:00:00.000	BZN	Litgrid BZ	LT	1387.000000	2017-01-22 12:12:17.000
2017	1	17	2017-01-17 06:00:00.000	BZN	HOPS BZ	HR	2527.000000	2017-01-21 10:04:24.000
2017	1	10	2017-01-10 23:00:00.000	BZN	IPTO BZ	GR	5878.000000	2017-01-11 00:35:19.000
2017	1	15	2017-01-15 04:00:00.000	BZN	NO2 BZ	NO2	4562.590000	2017-01-18 21:51:38.000
2017	1	15	2017-01-15 01:00:00.000	BZN	NO2 BZ	NO2	4498.610000	2017-01-18 21:51:38.000
2017	1	8	2017-01-08 21:00:00.000	BZN	Litgrid BZ	LT	1268.000000	2017-01-08 22:11:57.000
2017	1	1	2017-01-01 20:45:00.000	BZN	TenneT NL BZ	NL	12593.000000	2017-01-23 11:12:11.000
2017	1	20	2017-01-20 00:00:00.000	CTA	Elia CA	BE	11248.340000	2017-03-21 10:45:08.000
2017	1	20	2017-01-20 07:45:00.000	CTA	Elia CA	BE	13103.670000	2017-03-21 10:45:08.000
2017	1	20	2017-01-20 18:30:00.000	CTA	Elia CA	BE	12308.710000	2017-03-21 10:45:08.000
2017	1	20	2017-01-20 08:15:00.000	CTA	Elia CA	BE	13052.860000	2017-03-21 10:45:08.000
2017	1	5	2017-01-05 21:00:00.000	CTA	Fingrid CA	FI	13470.000000	2017-01-05 22:01:18.000
2017	1	7	2017-01-07 21:00:00.000	CTA	50Hertz CA	DE_50HzT	10026.800000	2017-01-07 21:31:46.000
2017	1	25	2017-01-25 22:00:00.000	CTA	Amprion CA	DE_Amprion	23110.080000	2017-01-26 22:50:24.000
2017	1	25	2017-01-25 00:45:00.000	CTA	Amprion CA	DE_Amprion	20296.870000	2017-01-26 22:50:24.000
2017	1	26	2017-01-26 10:00:00.000	CTA	IPTO CA	GR	8430.000000	2017-01-26 11:35:35.000
2017	1	25	2017-01-25 21:30:00.000	CTA	Amprion CA	DE_Amprion	23972.980000	2017-01-26 22:50:24.000
2017	1	25	2017-01-25 08:30:00.000	CTA	Amprion CA	DE_Amprion	27105.630000	2017-01-26 22:50:24.000
2017	1	7	2017-01-07 07:30:00.000	CTA	50Hertz CA	DE_50HzT	10116.700000	2017-01-07 08:01:50.000
2017	1	6	2017-01-06 19:00:00.000	CTA	EMS CA	RS	6460.000000	2017-01-07 06:59:53.000
2017	1	26	2017-01-26 06:00:00.000	CTA	TransnetBW CA	DE_TransnetBW	9293.450000	2017-01-26 23:06:05.000
2017	1	26	2017-01-26 09:00:00.000	CTA	TransnetBW CA	DE_TransnetBW	10069.910000	2017-01-26 23:06:05.000
2017	1	1	2017-01-01 01:00:00.000	CTA	Fingrid CA	FI	9067.200000	2017-01-01 02:01:26.000
2017	1	1	2017-01-01 20:00:00.000	CTA	IPTO CA	GR	6419.000000	2017-01-01 21:34:46.000
2017	1	27	2017-01-27 20:30:00.000	BZN	Cyprus TSO BZ	CY	664.270000	2017-01-27 21:12:12.000
2017	1	27	2017-01-27 19:00:00.000	BZN	DK2 BZ	DK2	1786.530000	2017-01-27 20:46:10.000
2017	1	18	2017-01-18 20:00:00.000	BZN	DK2 BZ	DK2	1697.620000	2017-01-18 21:46:08.000
2017	1	5	2017-01-05 16:00:00.000	BZN	TenneT NL BZ	NL	17361.000000	2017-01-23 12:09:24.000
2017	1	23	2017-01-23 15:30:00.000	BZN	Cyprus TSO BZ	CY	689.430000	2017-01-23 16:11:54.000
2017	1	22	2017-01-22 07:30:00.000	BZN	Cyprus TSO BZ	CY	405.320000	2017-01-22 08:11:52.000
2017	1	25	2017-01-25 07:00:00.000	BZN	IPTO BZ	GR	8010.000000	2017-01-25 08:35:48.000
2017	1	25	2017-01-25 13:00:00.000	BZN	RTE BZ	FR	87536.000000	2017-01-25 14:31:16.000
2017	1	20	2017-01-20 20:30:00.000	BZN	Cyprus TSO BZ	CY	573.520000	2017-01-20 21:11:13.000
2017	1	13	2017-01-13 19:00:00.000	BZN	IT-South BZ	IT_SUD	4087.000000	2017-01-14 06:00:53.000
2017	1	13	2017-01-13 20:00:00.000	BZN	IT-South BZ	IT_SUD	3668.000000	2017-01-14 06:00:53.000
2017	1	13	2017-01-13 04:00:00.000	BZN	IT-South BZ	IT_SUD	2444.000000	2017-01-14 06:00:53.000
2017	1	10	2017-01-10 05:00:00.000	BZN	swissgrid BZ	CH	7189.720000	2017-01-31 15:58:32.000
2017	1	10	2017-01-10 02:00:00.000	BZN	swissgrid BZ	CH	7091.380000	2017-01-31 15:58:32.000
2017	1	8	2017-01-08 16:00:00.000	BZN	EMS BZ	RS	6708.000000	2017-01-09 06:59:55.000
2017	1	8	2017-01-08 03:00:00.000	BZN	EMS BZ	RS	5154.000000	2017-01-09 06:59:55.000
2017	1	2	2017-01-02 01:00:00.000	CTA	TenneT NL CA	NL	9931.000000	2017-01-23 11:19:08.000
2017	1	25	2017-01-25 08:00:00.000	CTA	TenneT NL CA	NL	17596.000000	2017-02-13 15:02:57.000
2017	1	26	2017-01-26 23:30:00.000	CTA	TenneT NL CA	NL	12085.000000	2017-02-13 15:31:59.000
2017	1	30	2017-01-30 13:45:00.000	CTA	MAVIR CA	HU	6210.970000	2017-01-30 23:13:49.000
2017	1	30	2017-01-30 22:00:00.000	CTA	MAVIR CA	HU	5473.020000	2017-01-30 23:13:49.000
2017	1	30	2017-01-30 14:15:00.000	CTA	MAVIR CA	HU	6213.250000	2017-01-30 23:13:49.000
2017	1	8	2017-01-08 07:30:00.000	CTA	TenneT NL CA	NL	11628.000000	2017-01-30 11:11:10.000
2017	1	31	2017-01-31 22:00:00.000	CTA	TenneT NL CA	NL	12876.000000	2017-02-20 13:29:24.000
2017	1	31	2017-01-31 13:45:00.000	CTA	TenneT NL CA	NL	16711.000000	2017-02-20 13:27:03.000
2017	1	14	2017-01-14 01:30:00.000	CTA	TenneT NL CA	NL	10706.000000	2017-02-06 09:49:03.000
2017	1	12	2017-01-12 02:00:00.000	CTA	TenneT NL CA	NL	10673.000000	2017-01-30 12:10:30.000
2017	1	12	2017-01-12 01:30:00.000	CTA	TenneT NL CA	NL	10729.000000	2017-01-30 12:10:30.000
2017	1	9	2017-01-09 00:45:00.000	CTA	TenneT NL CA	NL	10294.000000	2017-01-30 11:26:07.000
2017	1	31	2017-01-31 15:15:00.000	CTA	TenneT NL CA	NL	16778.000000	2017-02-20 13:27:11.000
2017	1	6	2017-01-06 14:15:00.000	CTA	CREOS CA	LU	608.620000	2017-01-06 14:15:27.000
2017	1	6	2017-01-06 12:30:00.000	CTA	Cyprus TSO CA	CY	450.520000	2017-01-06 13:10:47.000
2017	1	7	2017-01-07 21:30:00.000	CTA	Cyprus TSO CA	CY	562.710000	2017-01-07 22:10:49.000
2017	1	24	2017-01-24 09:30:00.000	CTA	50Hertz CA	DE_50HzT	12817.700000	2017-01-24 10:02:33.000
2017	1	24	2017-01-24 15:00:00.000	CTA	National Grid CA	GB	43883.000000	2017-01-24 15:41:11.000
2017	1	24	2017-01-24 02:15:00.000	CTA	CREOS CA	LU	522.200000	2017-01-24 02:15:24.000
2017	1	6	2017-01-06 08:00:00.000	CTA	Litgrid CA	LT	1832.000000	2017-01-06 09:11:08.000
2017	1	29	2017-01-29 20:00:00.000	CTA	CREOS CA	LU	538.100000	2017-01-29 20:15:36.000
2017	1	24	2017-01-24 05:45:00.000	CTA	50Hertz CA	DE_50HzT	12045.600000	2017-01-24 06:16:49.000
2017	1	6	2017-01-06 10:00:00.000	CTA	50Hertz CA	DE_50HzT	12761.000000	2017-01-06 10:31:49.000
2017	1	9	2017-01-09 19:00:00.000	CTY	Finland	FI	11050.000000	2017-01-09 20:01:20.000
2017	1	28	2017-01-28 22:00:00.000	CTY	Denmark	DK	3206.870000	2017-01-28 23:46:12.000
2017	1	5	2017-01-05 14:00:00.000	CTA	AST CA	LV	1224.000000	2017-01-05 15:01:07.000
2017	1	17	2017-01-17 05:45:00.000	CTY	Belgium	BE	12357.480000	2017-03-18 10:45:10.000
2017	1	17	2017-01-17 13:30:00.000	CTY	Belgium	BE	12481.240000	2017-03-18 10:45:10.000
2017	1	17	2017-01-17 17:00:00.000	CTY	Belgium	BE	13563.910000	2017-03-18 10:45:10.000
2017	1	16	2017-01-16 23:15:00.000	CTY	Belgium	BE	11602.810000	2017-03-18 10:45:10.000
2017	1	17	2017-01-17 14:00:00.000	CTY	Belgium	BE	12532.350000	2017-03-18 10:45:10.000
2017	1	17	2017-01-17 09:15:00.000	CTY	Belgium	BE	13307.200000	2017-03-18 10:45:10.000
2017	1	17	2017-01-17 06:15:00.000	CTY	Belgium	BE	12813.860000	2017-03-18 10:45:10.000
2017	1	17	2017-01-17 00:30:00.000	CTY	Belgium	BE	10877.730000	2017-03-18 10:45:10.000
2017	1	17	2017-01-17 02:45:00.000	CTY	Belgium	BE	10327.560000	2017-03-18 10:45:10.000
2017	1	30	2017-01-30 13:00:00.000	CTA	SONI CA	NIE	1289.000000	2017-01-30 14:16:28.000
2017	1	15	2017-01-15 04:30:00.000	BZN	TenneT NL BZ	NL	10252.000000	2017-02-06 10:04:21.000
2017	1	13	2017-01-13 13:30:00.000	BZN	TenneT NL BZ	NL	16963.000000	2017-01-30 12:27:08.000
2017	1	27	2017-01-27 00:00:00.000	BZN	REN BZ	PT	5900.000000	2017-05-16 16:38:06.000
2017	1	3	2017-01-03 19:00:00.000	BZN	Transelectrica BZ	RO	8037.000000	2017-01-03 20:20:24.000
2017	1	21	2017-01-21 08:45:00.000	CTA	APG CA	AT	9146.400000	2017-05-11 07:52:39.000
2017	1	22	2017-01-22 17:45:00.000	CTA	APG CA	AT	8411.200000	2017-05-11 07:52:39.000
2017	1	10	2017-01-10 09:00:00.000	CTA	APG CA	AT	10342.400000	2017-05-10 15:21:28.000
2017	1	10	2017-01-10 12:45:00.000	CTA	APG CA	AT	9939.600000	2017-05-10 15:21:28.000
2017	1	10	2017-01-10 15:45:00.000	CTA	APG CA	AT	10418.400000	2017-05-10 15:21:28.000
2017	1	10	2017-01-10 16:15:00.000	CTA	APG CA	AT	10619.200000	2017-05-10 15:21:28.000
2017	1	22	2017-01-22 04:30:00.000	BZN	TenneT NL BZ	NL	10493.000000	2017-02-13 14:17:17.000
2017	1	14	2017-01-14 17:30:00.000	BZN	TenneT NL BZ	NL	15606.000000	2017-02-06 09:55:57.000
2017	1	18	2017-01-18 13:00:00.000	CTA	IPTO CA	GR	7797.000000	2017-01-18 14:35:55.000
2017	1	30	2017-01-30 08:00:00.000	CTA	IPTO CA	GR	8219.000000	2017-01-30 09:35:59.000
2017	1	11	2017-01-11 03:45:00.000	BZN	DE-AT-LU	DE_AT_LU	60779.800000	2017-05-10 15:22:07.000
2017	1	11	2017-01-11 00:45:00.000	BZN	DE-AT-LU	DE_AT_LU	59654.140000	2017-05-10 15:22:07.000
2017	1	8	2017-01-08 14:00:00.000	BZN	IT-Centre-North BZ	IT_CNOR	3116.000000	2017-01-09 06:00:54.000
2017	1	8	2017-01-08 10:00:00.000	CTA	RTE CA	FR	74815.000000	2017-01-08 11:51:09.000
2017	1	27	2017-01-27 23:00:00.000	CTA	RTE CA	FR	71375.000000	2017-01-28 00:49:07.000
2017	1	5	2017-01-05 03:15:00.000	CTA	TenneT NL CA	NL	10706.000000	2017-01-23 12:04:12.000
2017	1	30	2017-01-30 11:30:00.000	CTA	National Grid CA	GB	46345.000000	2017-01-30 12:11:32.000
2017	1	1	2017-01-01 04:30:00.000	CTA	National Grid CA	GB	23589.000000	2017-01-01 05:11:31.000
2017	1	24	2017-01-24 08:45:00.000	CTA	TenneT GER CA	DE_TenneT_GER	22673.060000	2017-01-26 00:03:32.000
2017	1	16	2017-01-16 22:00:00.000	CTA	MAVIR CA	HU	5310.150000	2017-01-16 23:11:19.000
2017	1	16	2017-01-16 21:30:00.000	CTA	MAVIR CA	HU	5433.630000	2017-01-16 23:11:19.000
2017	1	16	2017-01-16 11:30:00.000	CTA	MAVIR CA	HU	6185.670000	2017-01-16 23:11:19.000
2017	1	16	2017-01-16 14:15:00.000	CTA	MAVIR CA	HU	6065.500000	2017-01-16 23:11:19.000
2017	1	16	2017-01-16 00:45:00.000	CTA	MAVIR CA	HU	4323.490000	2017-01-16 23:11:19.000
2017	1	16	2017-01-16 17:15:00.000	CTA	MAVIR CA	HU	6243.640000	2017-01-16 23:11:19.000
2017	1	16	2017-01-16 13:45:00.000	CTA	MAVIR CA	HU	6044.580000	2017-01-16 23:11:19.000
2017	1	16	2017-01-16 08:30:00.000	CTA	MAVIR CA	HU	6140.100000	2017-01-16 23:11:19.000
2017	1	20	2017-01-20 10:00:00.000	CTA	Fingrid CA	FI	11795.000000	2017-01-20 11:01:16.000
2017	1	21	2017-01-21 01:30:00.000	CTA	MAVIR CA	HU	4601.940000	2017-01-21 23:11:25.000
2017	1	19	2017-01-19 05:30:00.000	CTA	TenneT GER CA	DE_TenneT_GER	19814.290000	2017-01-21 00:08:56.000
2017	1	17	2017-01-17 14:45:00.000	CTA	MAVIR CA	HU	6048.710000	2017-01-18 00:18:25.000
2017	1	17	2017-01-17 19:30:00.000	CTA	MAVIR CA	HU	5894.090000	2017-01-18 00:18:25.000
2017	1	25	2017-01-25 00:00:00.000	CTY	Slovenia	SI	1433.660000	2017-01-25 01:55:14.000
2017	1	18	2017-01-18 13:00:00.000	CTY	Slovenia	SI	1975.090000	2017-01-18 17:26:07.000
2017	1	19	2017-01-19 11:00:00.000	CTY	Sweden	SE	21159.000000	2017-01-19 23:37:00.000
2017	1	3	2017-01-03 11:45:00.000	CTY	Netherlands	NL	16770.000000	2017-01-23 11:36:57.000
2017	1	4	2017-01-04 23:00:00.000	CTY	Norway	NO	18755.880000	2017-01-08 21:54:13.000
2017	1	5	2017-01-05 14:00:00.000	CTY	Norway	NO	22714.010000	2017-01-08 21:54:13.000
2017	1	12	2017-01-12 05:30:00.000	CTY	United Kingdom	GB	27921.000000	2017-04-26 12:59:40.000
2017	1	12	2017-01-12 01:00:00.000	CTY	United Kingdom	GB	30009.000000	2017-04-26 12:59:40.000
2017	1	28	2017-01-28 22:00:00.000	CTY	Slovenia	SI	1436.010000	2017-02-01 06:27:32.000
2017	1	16	2017-01-16 01:00:00.000	CTY	United Kingdom	GB	30379.000000	2017-04-26 12:58:23.000
2017	1	19	2017-01-19 17:00:00.000	BZN	ESO BZ	BG	7127.000000	2017-05-05 11:06:15.000
2017	1	23	2017-01-23 23:00:00.000	BZN	ESO BZ	BG	5167.000000	2017-05-05 11:08:29.000
2017	1	27	2017-01-27 23:00:00.000	BZN	ESO BZ	BG	5370.000000	2017-05-05 11:07:15.000
2017	1	18	2017-01-18 23:00:00.000	BZN	ESO BZ	BG	5222.000000	2017-05-05 11:06:15.000
2017	1	19	2017-01-19 16:00:00.000	BZN	ESO BZ	BG	7140.000000	2017-05-05 11:06:15.000
2017	1	19	2017-01-19 20:00:00.000	BZN	ESO BZ	BG	6368.000000	2017-05-05 11:06:15.000
2017	1	27	2017-01-27 22:00:00.000	BZN	ESO BZ	BG	5640.000000	2017-05-05 11:07:15.000
2017	1	3	2017-01-03 07:00:00.000	BZN	swissgrid BZ	CH	7447.650000	2017-01-24 12:54:28.000
2017	1	3	2017-01-03 04:00:00.000	BZN	National Grid BZ	GB	25122.000000	2017-04-26 12:59:41.000
2017	1	7	2017-01-07 07:00:00.000	BZN	National Grid BZ	GB	31375.000000	2017-04-26 12:58:15.000
2017	1	13	2017-01-13 00:00:00.000	BZN	Fingrid BZ	FI	9992.700000	2017-01-13 01:01:19.000
2017	1	28	2017-01-28 18:45:00.000	BZN	Elia BZ	BE	10938.900000	2017-03-29 13:37:51.000
2017	1	29	2017-01-29 06:00:00.000	BZN	Cyprus TSO BZ	CY	469.230000	2017-01-29 06:40:08.000
2017	1	22	2017-01-22 23:00:00.000	BZN	Elia BZ	BE	10925.290000	2017-03-27 14:32:31.000
2017	1	20	2017-01-20 10:00:00.000	BZN	Cyprus TSO BZ	CY	509.480000	2017-01-20 10:40:55.000
2017	1	30	2017-01-30 11:00:00.000	BZN	ESO BZ	BG	6500.000000	2017-05-05 11:05:41.000
2017	1	25	2017-01-25 01:00:00.000	BZN	ESO BZ	BG	4989.000000	2017-05-05 11:05:41.000
2017	1	27	2017-01-27 05:45:00.000	CTA	Amprion CA	DE_Amprion	26073.070000	2017-01-28 22:50:25.000
2017	1	27	2017-01-27 17:00:00.000	CTA	Amprion CA	DE_Amprion	27243.150000	2017-01-28 22:50:25.000
2017	1	27	2017-01-27 09:15:00.000	CTA	Amprion CA	DE_Amprion	28210.290000	2017-01-28 22:50:25.000
2017	1	27	2017-01-27 06:15:00.000	CTA	Amprion CA	DE_Amprion	27047.030000	2017-01-28 22:50:25.000
2017	1	27	2017-01-27 07:00:00.000	CTA	Amprion CA	DE_Amprion	27521.670000	2017-01-28 22:50:25.000
2017	1	17	2017-01-17 16:45:00.000	CTA	APG CA	AT	10475.600000	2017-05-11 07:52:41.000
2017	1	17	2017-01-17 01:15:00.000	CTA	APG CA	AT	7187.200000	2017-05-11 07:52:41.000
2017	1	9	2017-01-09 02:00:00.000	CTA	Elering CA	EE	874.100000	2017-01-09 03:35:01.000
2017	1	22	2017-01-22 08:00:00.000	BZN	Transelectrica BZ	RO	7379.000000	2017-01-22 09:20:27.000
2017	1	22	2017-01-22 07:00:00.000	CTA	EMS CA	RS	5768.000000	2017-01-23 06:58:55.000
2017	1	15	2017-01-15 05:30:00.000	CTA	Elia CA	BE	9499.510000	2017-03-16 10:45:08.000
2017	1	15	2017-01-15 01:15:00.000	CTA	Elia CA	BE	9835.890000	2017-03-16 10:45:08.000
2017	1	16	2017-01-16 16:00:00.000	CTY	Slovenia	SI	2053.290000	2017-01-16 17:42:53.000
2017	1	4	2017-01-04 04:30:00.000	CTY	Hungary	HU	4617.120000	2017-01-04 23:12:54.000
2017	1	4	2017-01-04 09:45:00.000	CTY	Hungary	HU	5899.980000	2017-01-04 23:12:54.000
2017	1	4	2017-01-04 17:30:00.000	CTY	Hungary	HU	6015.900000	2017-01-04 23:12:54.000
2017	1	4	2017-01-04 18:00:00.000	CTY	Hungary	HU	5981.490000	2017-01-04 23:12:54.000
2017	1	18	2017-01-18 18:00:00.000	CTY	Portugal	PT	8306.200000	2017-05-16 16:37:57.000
2017	1	18	2017-01-18 23:00:00.000	CTY	Portugal	PT	6674.900000	2017-05-16 16:37:57.000
2017	1	29	2017-01-29 04:15:00.000	CTY	Netherlands	NL	9962.000000	2017-02-20 12:29:47.000
2017	1	29	2017-01-29 08:00:00.000	CTY	Former Yugoslav Republic of Macedonia	MK	1206.000000	2017-01-30 13:27:36.000
2017	1	29	2017-01-29 12:00:00.000	CTY	Former Yugoslav Republic of Macedonia	MK	1304.000000	2017-01-30 13:27:36.000
2017	1	28	2017-01-28 23:00:00.000	CTY	Former Yugoslav Republic of Macedonia	MK	1202.000000	2017-01-30 13:27:36.000
2017	1	29	2017-01-29 02:00:00.000	CTY	Former Yugoslav Republic of Macedonia	MK	940.000000	2017-01-30 13:27:36.000
2017	1	26	2017-01-26 15:00:00.000	CTY	Netherlands	NL	16857.000000	2017-02-13 15:21:23.000
2017	1	28	2017-01-28 11:15:00.000	CTY	Netherlands	NL	14504.000000	2017-02-20 12:14:20.000
2017	1	12	2017-01-12 23:00:00.000	CTY	Lithuania	LT	1070.000000	2017-01-13 00:13:51.000
2017	1	13	2017-01-13 15:00:00.000	CTY	Latvia	LV	1139.000000	2017-01-13 16:01:14.000
2017	1	7	2017-01-07 08:30:00.000	CTY	Luxembourg	LU	498.410000	2017-01-07 08:15:44.000
2017	1	29	2017-01-29 10:00:00.000	CTY	France	FR	67692.000000	2017-01-29 11:34:20.000
2017	1	25	2017-01-25 13:30:00.000	CTY	Ireland	IE	3738.680000	2017-04-26 12:59:42.000
2017	1	25	2017-01-25 17:00:00.000	CTY	Ireland	IE	4142.850000	2017-04-26 12:59:42.000
2017	1	25	2017-01-25 14:00:00.000	CTY	Ireland	IE	3717.720000	2017-04-26 12:59:42.000
2017	1	25	2017-01-25 10:30:00.000	CTY	Ireland	IE	3776.370000	2017-04-26 12:59:42.000
2017	1	30	2017-01-30 16:00:00.000	CTY	Former Yugoslav Republic of Macedonia	MK	1234.000000	2017-01-31 14:16:44.000
2017	1	30	2017-01-30 06:00:00.000	CTY	Former Yugoslav Republic of Macedonia	MK	1036.000000	2017-01-31 14:16:44.000
2017	1	30	2017-01-30 03:00:00.000	CTY	Former Yugoslav Republic of Macedonia	MK	866.000000	2017-01-31 14:16:44.000
2017	1	10	2017-01-10 08:30:00.000	CTY	Ireland	IE	3724.820000	2017-04-26 12:59:12.000
2017	1	10	2017-01-10 06:00:00.000	CTY	Ireland	IE	2707.640000	2017-04-26 12:59:12.000
2017	1	19	2017-01-19 11:00:00.000	CTY	Lithuania	LT	1750.000000	2017-01-19 12:13:20.000
2017	1	28	2017-01-28 04:45:00.000	CTY	Luxembourg	LU	467.420000	2017-01-28 04:15:26.000
2017	1	10	2017-01-10 00:00:00.000	CTY	Czech Republic	CZ	8154.560000	2017-01-10 01:05:42.000
2017	1	5	2017-01-05 13:15:00.000	CTY	Belgium	BE	11798.560000	2017-03-07 09:38:51.000
2017	1	5	2017-01-05 18:00:00.000	CTY	Belgium	BE	12717.930000	2017-03-07 09:38:51.000
2017	1	6	2017-01-06 15:00:00.000	CTA	Transelectrica CA	RO	8745.000000	2017-01-06 16:20:12.000
2017	1	7	2017-01-07 20:30:00.000	CTA	EirGrid CA	IE	3498.570000	2017-01-07 21:19:09.000
2017	1	6	2017-01-06 06:00:00.000	CTA	EirGrid CA	IE	2608.070000	2017-01-06 07:19:07.000
2017	1	7	2017-01-07 20:00:00.000	CTA	EirGrid CA	IE	3614.770000	2017-01-07 21:19:09.000
2017	1	3	2017-01-03 06:00:00.000	CTA	Transelectrica CA	RO	7650.000000	2017-01-03 07:20:21.000
2017	1	5	2017-01-05 02:00:00.000	CTY	Belgium	BE	9701.660000	2017-03-07 09:38:51.000
2017	1	5	2017-01-05 08:00:00.000	CTY	Belgium	BE	12175.750000	2017-03-07 09:38:51.000
2017	1	5	2017-01-05 05:00:00.000	CTY	Belgium	BE	10453.070000	2017-03-07 09:38:51.000
2017	1	5	2017-01-05 17:30:00.000	CTY	Belgium	BE	12978.140000	2017-03-07 09:38:51.000
2017	1	2	2017-01-02 13:00:00.000	CTA	Statnett CA	NO	20287.890000	2017-01-05 21:53:31.000
2017	1	2	2017-01-02 19:00:00.000	CTA	Statnett CA	NO	19981.780000	2017-01-05 21:53:31.000
2017	1	2	2017-01-02 22:00:00.000	CTA	Statnett CA	NO	18236.810000	2017-01-05 21:53:31.000
2017	1	28	2017-01-28 01:00:00.000	CTA	PSE SA CA	PL	17406.590000	2017-01-30 08:07:25.000
2017	1	30	2017-01-30 14:30:00.000	CTA	EirGrid CA	IE	3923.660000	2017-01-30 15:19:24.000
2017	1	1	2017-01-01 14:30:00.000	CTA	EirGrid CA	IE	3077.870000	2017-01-01 15:19:28.000
2017	1	23	2017-01-23 01:00:00.000	CTY	Switzerland	CH	8138.610000	2017-02-13 11:42:11.000
2017	1	31	2017-01-31 11:30:00.000	CTA	EirGrid CA	IE	3779.900000	2017-01-31 12:19:25.000
2017	1	18	2017-01-18 11:00:00.000	BZN	NO4 BZ	NO4	2587.800000	2017-01-21 21:51:47.000
2017	1	26	2017-01-26 17:00:00.000	BZN	NO2 BZ	NO2	5116.360000	2017-01-29 21:52:45.000
2017	1	26	2017-01-26 20:00:00.000	BZN	NO2 BZ	NO2	4826.260000	2017-01-29 21:52:45.000
2017	1	26	2017-01-26 11:00:00.000	BZN	NO2 BZ	NO2	5036.690000	2017-01-29 21:52:45.000
2017	1	26	2017-01-26 22:00:00.000	BZN	NO2 BZ	NO2	4467.960000	2017-01-29 21:52:45.000
2017	1	26	2017-01-26 19:00:00.000	BZN	NO2 BZ	NO2	4943.080000	2017-01-29 21:52:45.000
2017	1	5	2017-01-05 13:00:00.000	BZN	Transelectrica BZ	RO	8239.000000	2017-01-05 14:20:59.000
2017	1	20	2017-01-20 02:00:00.000	CTA	swissgrid CA	CH	7477.490000	2017-02-09 11:43:07.000
2017	1	19	2017-01-19 22:00:00.000	CTA	swissgrid CA	CH	7993.650000	2017-02-09 11:43:07.000
2017	1	18	2017-01-18 22:00:00.000	CTA	swissgrid CA	CH	8041.670000	2017-02-09 11:43:07.000
2017	1	20	2017-01-20 05:00:00.000	CTA	swissgrid CA	CH	7445.780000	2017-02-09 11:43:07.000
2017	1	12	2017-01-12 20:00:00.000	BZN	PSE SA BZ	PL	22318.700000	2017-01-13 08:05:33.000
2017	1	22	2017-01-22 19:00:00.000	CTA	Elering CA	EE	1052.000000	2017-01-22 20:35:01.000
2017	1	2	2017-01-02 21:00:00.000	BZN	NO3 BZ	NO3	3454.270000	2017-01-05 21:51:17.000
2017	1	2	2017-01-02 11:00:00.000	BZN	NO3 BZ	NO3	3659.760000	2017-01-05 21:51:17.000
2017	1	29	2017-01-29 22:00:00.000	CTY	Portugal	PT	6335.700000	2017-05-16 16:38:09.000
2017	1	4	2017-01-04 09:00:00.000	CTY	Lithuania	LT	1624.000000	2017-01-04 10:12:33.000
2017	1	6	2017-01-06 17:00:00.000	CTY	Former Yugoslav Republic of Macedonia	MK	1266.000000	2017-01-12 14:38:27.000
2017	1	30	2017-01-30 11:00:00.000	CTY	Netherlands	NL	17272.000000	2017-02-20 12:53:19.000
2017	1	30	2017-01-30 04:00:00.000	CTY	Romania	RO	7431.000000	2017-01-30 05:20:28.000
2017	1	15	2017-01-15 14:00:00.000	CTY	Former Yugoslav Republic of Macedonia	MK	1179.000000	2017-01-16 10:38:56.000
2017	1	2	2017-01-02 12:00:00.000	CTY	United Kingdom	GB	38095.000000	2017-04-26 12:59:31.000
2017	1	4	2017-01-04 00:00:00.000	CTY	Sweden	SE	17142.000000	2017-01-04 23:36:19.000
2017	1	13	2017-01-13 08:00:00.000	CTY	Slovenia	SI	2033.430000	2017-01-13 09:43:22.000
2017	1	4	2017-01-04 21:00:00.000	CTY	Former Yugoslav Republic of Macedonia	MK	1267.000000	2017-01-05 08:39:08.000
2017	1	4	2017-01-04 16:00:00.000	CTY	Former Yugoslav Republic of Macedonia	MK	1211.000000	2017-01-05 08:39:08.000
2017	1	4	2017-01-04 13:00:00.000	CTY	Former Yugoslav Republic of Macedonia	MK	1083.000000	2017-01-05 08:39:08.000
2017	1	5	2017-01-05 01:45:00.000	CTY	Luxembourg	LU	462.330000	2017-01-05 01:15:25.000
2017	1	24	2017-01-24 08:00:00.000	CTY	Greece	GR	8394.000000	2017-01-24 09:36:28.000
2017	1	24	2017-01-24 05:15:00.000	CTA	CREOS CA	LU	533.020000	2017-01-24 05:15:23.000
2017	1	6	2017-01-06 13:45:00.000	CTA	CREOS CA	LU	610.270000	2017-01-06 13:15:21.000
2017	1	24	2017-01-24 18:45:00.000	CTA	MAVIR CA	HU	6174.290000	2017-01-24 23:11:27.000
2017	1	24	2017-01-24 19:30:00.000	CTA	MAVIR CA	HU	6035.270000	2017-01-24 23:11:27.000
2017	1	24	2017-01-24 20:15:00.000	CTA	MAVIR CA	HU	5878.700000	2017-01-24 23:11:27.000
2017	1	24	2017-01-24 01:30:00.000	CTA	MAVIR CA	HU	4638.720000	2017-01-24 23:11:27.000
2017	1	6	2017-01-06 09:00:00.000	CTA	AST CA	LV	1213.000000	2017-01-06 10:01:07.000
2017	1	24	2017-01-24 04:00:00.000	CTA	Litgrid CA	LT	1347.000000	2017-01-24 05:11:09.000
2017	1	31	2017-01-31 07:00:00.000	BZN	ELES BZ	SI	2069.690000	2017-01-31 08:41:39.000
2017	1	31	2017-01-31 12:00:00.000	CTA	SONI CA	NIE	1332.000000	2017-01-31 13:16:27.000
2017	1	14	2017-01-14 04:30:00.000	BZN	Ireland - (SEM) BZ	IE_SEM	3205.010000	2017-04-26 12:59:06.000
2017	1	14	2017-01-14 21:00:00.000	BZN	Ireland - (SEM) BZ	IE_SEM	4718.900000	2017-04-26 12:59:06.000
2017	1	14	2017-01-14 13:00:00.000	BZN	Ireland - (SEM) BZ	IE_SEM	4867.380000	2017-04-26 12:59:06.000
2017	1	14	2017-01-14 03:00:00.000	BZN	IT-Sardinia BZ	IT_SARD	743.000000	2017-01-15 06:00:56.000
2017	1	14	2017-01-14 14:00:00.000	BZN	IT-Sardinia BZ	IT_SARD	989.000000	2017-01-15 06:00:56.000
2017	1	29	2017-01-29 02:00:00.000	BZN	NO5 BZ	NO5	1886.100000	2017-02-01 21:51:30.000
2017	1	28	2017-01-28 02:00:00.000	BZN	swissgrid BZ	CH	8183.720000	2017-02-18 11:41:49.000
2017	1	15	2017-01-15 12:00:00.000	BZN	SE3 BZ	SE3	12820.000000	2017-01-15 23:41:10.000
2017	1	29	2017-01-29 10:00:00.000	BZN	Ireland - (SEM) BZ	IE_SEM	3924.490000	2017-04-26 12:59:53.000
2017	1	14	2017-01-14 23:00:00.000	BZN	Elering BZ	EE	862.200000	2017-01-15 00:35:03.000
2017	1	30	2017-01-30 00:00:00.000	BZN	Ireland - (SEM) BZ	IE_SEM	3778.580000	2017-04-26 12:59:11.000
2017	1	28	2017-01-28 20:15:00.000	BZN	Elia BZ	BE	10156.030000	2017-03-29 13:37:51.000
2017	1	28	2017-01-28 06:45:00.000	BZN	Elia BZ	BE	9918.300000	2017-03-29 13:37:51.000
2017	1	2	2017-01-02 20:30:00.000	BZN	Ireland - (SEM) BZ	IE_SEM	4881.540000	2017-04-26 12:58:52.000
2017	1	1	2017-01-01 23:00:00.000	BZN	Ireland - (SEM) BZ	IE_SEM	3829.130000	2017-04-26 12:58:52.000
2017	1	3	2017-01-03 00:30:00.000	BZN	National Grid BZ	GB	29794.000000	2017-04-26 12:59:41.000
2017	1	3	2017-01-03 14:00:00.000	BZN	National Grid BZ	GB	44842.000000	2017-04-26 12:59:41.000
2017	1	3	2017-01-03 13:30:00.000	BZN	National Grid BZ	GB	44765.000000	2017-04-26 12:59:41.000
2017	1	31	2017-01-31 22:30:00.000	BZN	National Grid BZ	GB	34295.000000	2017-04-26 12:58:30.000
2017	1	22	2017-01-22 04:00:00.000	BZN	National Grid BZ	GB	26774.000000	2017-04-26 12:58:26.000
2017	1	11	2017-01-11 10:00:00.000	BZN	Litgrid BZ	LT	1760.000000	2017-01-11 11:11:21.000
2017	1	11	2017-01-11 16:00:00.000	BZN	Litgrid BZ	LT	1784.000000	2017-01-11 17:11:47.000
2017	1	4	2017-01-04 20:00:00.000	BZN	National Grid BZ	GB	45399.000000	2017-04-26 12:58:11.000
2017	1	14	2017-01-14 03:00:00.000	BZN	Litgrid BZ	LT	1083.000000	2017-01-14 04:12:54.000
2017	1	20	2017-01-20 22:30:00.000	BZN	National Grid BZ	GB	35393.000000	2017-04-26 12:59:44.000
2017	1	27	2017-01-27 15:00:00.000	BZN	National Grid BZ	GB	47130.000000	2017-04-26 12:59:20.000
2017	1	16	2017-01-16 03:00:00.000	BZN	Litgrid BZ	LT	1124.000000	2017-01-16 04:11:09.000
2017	1	1	2017-01-01 21:00:00.000	BZN	HOPS BZ	HR	2177.000000	2017-01-05 10:03:43.000
2017	1	31	2017-01-31 05:00:00.000	BZN	HOPS BZ	HR	2264.000000	2017-02-04 10:05:53.000
2017	1	31	2017-01-31 12:00:00.000	BZN	HOPS BZ	HR	2607.000000	2017-02-04 10:05:53.000
2017	1	13	2017-01-13 06:00:00.000	CTA	National Grid CA	GB	33982.000000	2017-01-13 06:41:40.000
2017	1	10	2017-01-10 09:00:00.000	CTA	PSE SA CA	PL	24935.290000	2017-01-11 11:05:30.000
2017	1	9	2017-01-09 19:00:00.000	CTY	Denmark	DK	4211.450000	2017-01-09 20:46:10.000
2017	1	21	2017-01-21 05:00:00.000	CTY	Estonia	EE	940.900000	2017-01-21 06:35:06.000
2017	1	17	2017-01-17 22:30:00.000	CTA	MAVIR CA	HU	5173.130000	2017-01-18 00:18:25.000
2017	1	17	2017-01-17 12:15:00.000	CTA	MAVIR CA	HU	6034.740000	2017-01-18 00:18:25.000
2017	1	17	2017-01-17 15:15:00.000	CTA	MAVIR CA	HU	6083.070000	2017-01-18 00:18:25.000
2017	1	6	2017-01-06 04:00:00.000	CTA	IPTO CA	GR	4749.000000	2017-01-06 05:35:04.000
2017	1	5	2017-01-05 05:00:00.000	CTA	CEPS CA	CZ	9149.960000	2017-01-05 06:06:27.000
2017	1	8	2017-01-08 06:45:00.000	CTA	Amprion CA	DE_Amprion	16511.750000	2017-01-09 22:50:29.000
2017	1	2	2017-01-02 03:00:00.000	BZN	CEPS BZ	CZ	6579.820000	2017-01-02 04:05:42.000
2017	1	31	2017-01-31 11:30:00.000	BZN	Cyprus TSO BZ	CY	613.690000	2017-01-31 12:15:54.000
2017	1	31	2017-01-31 08:30:00.000	BZN	Cyprus TSO BZ	CY	590.480000	2017-01-31 09:10:50.000
2017	1	29	2017-01-29 19:00:00.000	BZN	HOPS BZ	HR	2559.000000	2017-02-02 10:04:25.000
2017	1	9	2017-01-09 11:00:00.000	BZN	DK2 BZ	DK2	1980.000000	2017-01-09 12:46:09.000
2017	1	18	2017-01-18 23:00:00.000	BZN	swissgrid BZ	CH	7808.380000	2017-02-09 11:44:27.000
2017	1	10	2017-01-10 01:00:00.000	BZN	TenneT NL BZ	NL	10944.000000	2017-01-30 11:40:56.000
2017	1	29	2017-01-29 16:00:00.000	BZN	CGES BZ	ME	549.180000	2017-01-30 07:35:07.000
2017	1	29	2017-01-29 03:00:00.000	BZN	CGES BZ	ME	358.680000	2017-01-30 07:35:07.000
2017	1	14	2017-01-14 00:00:00.000	BZN	Cyprus TSO BZ	CY	424.900000	2017-01-14 00:40:45.000
2017	1	5	2017-01-05 15:00:00.000	BZN	DK2 BZ	DK2	2179.770000	2017-01-05 16:46:29.000
2017	1	7	2017-01-07 07:00:00.000	CTA	EirGrid CA	IE	2618.220000	2017-01-07 08:19:12.000
2017	1	10	2017-01-10 18:00:00.000	CTA	PSE SA CA	PL	25462.080000	2017-01-11 11:05:30.000
2017	1	2	2017-01-02 01:00:00.000	CTY	Cyprus	CY	403.420000	2017-01-02 01:40:41.000
2017	1	8	2017-01-08 20:00:00.000	CTA	Transelectrica CA	RO	7443.000000	2017-01-08 21:20:45.000
2017	1	7	2017-01-07 17:45:00.000	CTY	Belgium	BE	12121.000000	2017-03-08 10:45:09.000
2017	1	16	2017-01-16 14:00:00.000	CTA	SvK CA	SE	23708.000000	2017-01-16 23:38:07.000
2017	1	31	2017-01-31 08:00:00.000	CTA	SvK CA	SE	22129.000000	2017-02-01 00:52:56.000
2017	1	5	2017-01-05 18:15:00.000	BZN	MAVIR BZ	HU	6026.440000	2017-01-05 23:11:30.000
2017	1	5	2017-01-05 04:00:00.000	BZN	IPTO BZ	GR	5225.000000	2017-01-05 05:34:58.000
2017	1	3	2017-01-03 03:30:00.000	BZN	Cyprus TSO BZ	CY	419.520000	2017-01-03 12:11:48.000
2017	1	10	2017-01-10 12:00:00.000	BZN	HOPS BZ	HR	2777.000000	2017-01-14 10:04:22.000
2017	1	2	2017-01-02 08:00:00.000	BZN	NO3 BZ	NO3	3660.650000	2017-01-05 21:51:17.000
2017	1	25	2017-01-25 16:15:00.000	BZN	TenneT NL BZ	NL	18006.000000	2017-02-13 15:06:11.000
2017	1	27	2017-01-27 02:30:00.000	BZN	TenneT NL BZ	NL	11155.000000	2017-02-13 15:33:15.000
2017	1	24	2017-01-24 03:00:00.000	BZN	TenneT NL BZ	NL	11030.000000	2017-02-13 14:47:16.000
2017	1	18	2017-01-18 18:30:00.000	BZN	TenneT NL BZ	NL	17101.000000	2017-02-06 10:54:04.000
2017	1	28	2017-01-28 10:00:00.000	BZN	MEPSO BZ	MK	1167.000000	2017-01-30 13:27:17.000
2017	1	25	2017-01-25 06:00:00.000	BZN	TenneT NL BZ	NL	14609.000000	2017-02-13 15:06:33.000
2017	1	21	2017-01-21 15:00:00.000	BZN	TenneT NL BZ	NL	13980.000000	2017-02-13 14:06:31.000
2017	1	29	2017-01-29 03:30:00.000	BZN	TenneT NL BZ	NL	9871.000000	2017-02-20 12:28:19.000
2017	1	17	2017-01-17 16:00:00.000	BZN	ELES BZ	SI	2059.480000	2017-01-17 17:45:44.000
2017	1	22	2017-01-22 05:00:00.000	CTA	APG CA	AT	6662.800000	2017-05-11 07:52:39.000
2017	1	28	2017-01-28 23:00:00.000	CTA	swissgrid CA	CH	7407.640000	2017-02-19 11:40:27.000
2017	1	29	2017-01-29 00:00:00.000	CTA	swissgrid CA	CH	7334.420000	2017-02-19 11:40:27.000
2017	1	3	2017-01-03 00:00:00.000	CTA	Elia CA	BE	9966.380000	2017-03-04 10:45:05.000
2017	1	3	2017-01-03 04:45:00.000	CTA	Elia CA	BE	9723.310000	2017-03-04 10:45:05.000
2017	1	3	2017-01-03 14:45:00.000	CTA	Elia CA	BE	12174.740000	2017-03-04 10:45:05.000
2017	1	3	2017-01-03 15:15:00.000	CTA	Elia CA	BE	12030.050000	2017-03-04 10:45:05.000
2017	1	3	2017-01-03 18:15:00.000	CTA	Elia CA	BE	12213.020000	2017-03-04 10:45:05.000
2017	1	18	2017-01-18 00:30:00.000	CTA	TransnetBW CA	DE_TransnetBW	7474.950000	2017-01-18 23:10:08.000
2017	1	18	2017-01-18 02:45:00.000	CTA	TransnetBW CA	DE_TransnetBW	7086.700000	2017-01-18 23:10:08.000
2017	1	18	2017-01-18 06:15:00.000	CTA	TransnetBW CA	DE_TransnetBW	9542.820000	2017-01-18 23:10:08.000
2017	1	7	2017-01-07 03:15:00.000	CTA	Elia CA	BE	9693.340000	2017-03-08 10:45:06.000
2017	1	11	2017-01-11 09:00:00.000	CTY	Ireland	IE	3744.710000	2017-04-26 12:59:07.000
2017	1	24	2017-01-24 17:15:00.000	CTY	Luxembourg	LU	663.980000	2017-01-24 18:52:28.000
2017	1	3	2017-01-03 12:00:00.000	CTY	Spain	ES	35525.000000	2017-01-03 13:28:34.000
2017	1	31	2017-01-31 05:30:00.000	CTY	Luxembourg	LU	534.000000	2017-05-05 12:38:06.000
2017	1	11	2017-01-11 18:00:00.000	CTY	Lithuania	LT	1651.000000	2017-01-11 19:11:24.000
2017	1	10	2017-01-10 19:00:00.000	CTY	France	FR	76910.000000	2017-01-10 20:51:10.000
2017	1	28	2017-01-28 09:00:00.000	CTY	Lithuania	LT	1476.000000	2017-01-28 10:11:11.000
2017	1	8	2017-01-08 18:30:00.000	CTY	Ireland	IE	3820.520000	2017-04-26 12:58:44.000
2017	1	8	2017-01-08 15:30:00.000	CTY	Ireland	IE	3237.430000	2017-04-26 12:58:44.000
2017	1	13	2017-01-13 00:00:00.000	CTY	Montenegro	ME	464.170000	2017-01-14 00:30:24.000
2017	1	1	2017-01-01 02:00:00.000	BZN	SE1 BZ	SE1	1130.000000	2017-01-02 11:31:14.000
2017	1	17	2017-01-17 23:00:00.000	CTA	REN CA	PT	6514.400000	2017-05-16 16:37:52.000
2017	1	21	2017-01-21 08:00:00.000	BZN	SE1 BZ	SE1	1314.000000	2017-01-21 23:37:06.000
2017	1	16	2017-01-16 04:00:00.000	CTA	REN CA	PT	4563.700000	2017-05-16 16:37:53.000
2017	1	14	2017-01-14 00:00:00.000	CTA	REN CA	PT	5661.200000	2017-05-16 16:37:53.000
2017	1	21	2017-01-21 05:00:00.000	BZN	SE1 BZ	SE1	1175.000000	2017-01-21 23:37:06.000
2017	1	20	2017-01-20 23:00:00.000	CTA	CREOS CA	LU	561.530000	2017-01-20 23:15:47.000
2017	1	18	2017-01-18 20:15:00.000	CTA	CREOS CA	LU	596.180000	2017-01-18 20:15:26.000
2017	1	18	2017-01-18 20:30:00.000	CTA	CREOS CA	LU	590.220000	2017-01-18 20:15:26.000
2017	1	21	2017-01-21 18:15:00.000	CTA	CREOS CA	LU	615.760000	2017-01-21 18:15:20.000
2017	1	16	2017-01-16 11:00:00.000	CTY	Cyprus	CY	582.630000	2017-01-16 11:40:48.000
2017	1	27	2017-01-27 04:00:00.000	CTY	Switzerland	CH	8350.620000	2017-02-17 11:41:49.000
2017	1	1	2017-01-01 17:00:00.000	CTY	Finland	FI	10890.000000	2017-01-01 18:01:29.000
2017	1	17	2017-01-17 12:00:00.000	CTY	Switzerland	CH	8846.510000	2017-02-07 07:55:45.000
2017	1	16	2017-01-16 09:00:00.000	CTA	ELES CA	SI	2006.240000	2017-01-16 10:42:07.000
2017	1	14	2017-01-14 02:00:00.000	CTA	ELES CA	SI	1306.550000	2017-01-14 03:43:25.000
2017	1	3	2017-01-03 01:00:00.000	CTY	Austria	AT	6527.600000	2017-05-11 07:52:50.000
2017	1	9	2017-01-09 06:45:00.000	CTY	Belgium	BE	12329.030000	2017-03-10 10:45:09.000
2017	1	2	2017-01-02 21:30:00.000	CTY	Belgium	BE	10894.870000	2017-03-03 10:45:09.000
2017	1	9	2017-01-09 16:00:00.000	CTY	Belgium	BE	12821.210000	2017-03-10 10:45:09.000
2017	1	2	2017-01-02 22:00:00.000	CTY	Belgium	BE	10957.260000	2017-03-03 10:45:09.000
2017	1	19	2017-01-19 19:00:00.000	CTY	France	FR	88379.000000	2017-01-19 20:36:42.000
2017	1	2	2017-01-02 19:00:00.000	CTY	Belgium	BE	11256.850000	2017-03-03 10:45:09.000
2017	1	9	2017-01-09 20:45:00.000	CTY	Belgium	BE	10938.100000	2017-03-10 10:45:09.000
2017	1	9	2017-01-09 05:15:00.000	CTY	Belgium	BE	10911.100000	2017-03-10 10:45:09.000
2017	1	9	2017-01-09 06:00:00.000	CTY	Belgium	BE	11751.370000	2017-03-10 10:45:09.000
2017	1	9	2017-01-09 15:15:00.000	CTY	Belgium	BE	12513.340000	2017-03-10 10:45:09.000
2017	1	9	2017-01-09 19:30:00.000	CTY	Belgium	BE	11782.730000	2017-03-10 10:45:09.000
2017	1	2	2017-01-02 18:30:00.000	CTY	Belgium	BE	11515.190000	2017-03-03 10:45:09.000
2017	1	2	2017-01-02 05:00:00.000	CTY	Belgium	BE	9158.300000	2017-03-03 10:45:09.000
2017	1	3	2017-01-03 07:45:00.000	CTA	CREOS CA	LU	547.480000	2017-01-03 07:15:27.000
2017	1	18	2017-01-18 07:00:00.000	CTY	Belgium	BE	13371.750000	2017-03-19 10:45:09.000
2017	1	18	2017-01-18 20:00:00.000	CTY	Belgium	BE	12176.050000	2017-03-19 10:45:09.000
2017	1	13	2017-01-13 12:00:00.000	BZN	ESO BZ	BG	6262.000000	2017-05-05 11:06:24.000
2017	1	9	2017-01-09 16:30:00.000	CTA	SONI CA	NIE	1285.000000	2017-01-09 17:16:19.000
2017	1	4	2017-01-04 05:00:00.000	BZN	ELES BZ	SI	1721.550000	2017-01-04 11:13:00.000
2017	1	2	2017-01-02 08:00:00.000	BZN	Ireland - (SEM) BZ	IE_SEM	3242.280000	2017-04-26 12:58:52.000
2017	1	31	2017-01-31 05:30:00.000	BZN	Ireland - (SEM) BZ	IE_SEM	3297.180000	2017-04-26 12:58:41.000
2017	1	31	2017-01-31 09:00:00.000	BZN	Ireland - (SEM) BZ	IE_SEM	4965.710000	2017-04-26 12:58:41.000
2017	1	31	2017-01-31 12:00:00.000	BZN	Ireland - (SEM) BZ	IE_SEM	5111.920000	2017-04-26 12:58:41.000
2017	1	11	2017-01-11 22:00:00.000	BZN	SE1 BZ	SE1	1171.000000	2017-01-12 10:30:33.000
2017	1	19	2017-01-19 20:00:00.000	BZN	Elering BZ	EE	1045.500000	2017-01-19 21:35:03.000
2017	1	30	2017-01-30 16:00:00.000	BZN	SE3 BZ	SE3	13789.000000	2017-01-31 10:33:16.000
2017	1	30	2017-01-30 15:00:00.000	BZN	SE3 BZ	SE3	13293.000000	2017-01-31 10:33:16.000
2017	1	25	2017-01-25 07:00:00.000	CTA	IPTO CA	GR	8010.000000	2017-01-25 08:35:37.000
2017	1	25	2017-01-25 20:00:00.000	CTA	IPTO CA	GR	7184.000000	2017-01-25 21:35:37.000
2017	1	15	2017-01-15 16:00:00.000	CTA	Fingrid CA	FI	11529.000000	2017-01-15 17:01:19.000
2017	1	6	2017-01-06 15:30:00.000	CTA	Elia CA	BE	12317.370000	2017-03-07 10:45:16.000
2017	1	6	2017-01-06 21:30:00.000	CTA	Elia CA	BE	11760.680000	2017-03-07 10:45:16.000
2017	1	6	2017-01-06 22:00:00.000	CTA	Elia CA	BE	11979.240000	2017-03-07 10:45:16.000
2017	1	6	2017-01-06 19:00:00.000	CTA	Elia CA	BE	12150.440000	2017-03-07 10:45:16.000
2017	1	6	2017-01-06 11:15:00.000	CTA	Elia CA	BE	12478.790000	2017-03-07 10:45:16.000
2017	1	6	2017-01-06 07:45:00.000	CTA	Elia CA	BE	12843.760000	2017-03-07 10:45:16.000
2017	1	6	2017-01-06 10:45:00.000	CTA	Elia CA	BE	12779.220000	2017-03-07 10:45:16.000
2017	1	6	2017-01-06 08:15:00.000	CTA	Elia CA	BE	12904.210000	2017-03-07 10:45:16.000
2017	1	6	2017-01-06 14:15:00.000	CTA	Elia CA	BE	12225.200000	2017-03-07 10:45:16.000
2017	1	15	2017-01-15 05:45:00.000	CTA	TransnetBW CA	DE_TransnetBW	5450.240000	2017-01-15 23:06:06.000
2017	1	15	2017-01-15 17:00:00.000	CTA	TransnetBW CA	DE_TransnetBW	7282.000000	2017-01-15 23:06:06.000
2017	1	15	2017-01-15 03:30:00.000	CTA	TransnetBW CA	DE_TransnetBW	5636.100000	2017-01-15 23:06:06.000
2017	1	15	2017-01-15 21:00:00.000	CTA	IPTO CA	GR	6234.000000	2017-01-15 22:35:15.000
2017	1	21	2017-01-21 18:45:00.000	CTA	Amprion CA	DE_Amprion	23169.130000	2017-01-22 22:49:41.000
2017	1	25	2017-01-25 10:00:00.000	CTA	IPTO CA	GR	8277.000000	2017-01-25 11:35:49.000
2017	1	21	2017-01-21 02:00:00.000	CTY	Poland	PL	17156.340000	2017-01-23 10:05:47.000
2017	1	3	2017-01-03 19:30:00.000	CTY	Netherlands	NL	15358.000000	2017-01-23 11:37:58.000
2017	1	1	2017-01-01 09:00:00.000	CTY	United Kingdom	GB	30109.000000	2017-04-26 12:58:48.000
2017	1	26	2017-01-26 02:30:00.000	CTY	United Kingdom	GB	29992.000000	2017-04-26 12:59:58.000
2017	1	26	2017-01-26 03:00:00.000	CTY	United Kingdom	GB	29931.000000	2017-04-26 12:59:58.000
2017	1	28	2017-01-28 12:00:00.000	CTY	United Kingdom	GB	41932.000000	2017-04-26 12:59:07.000
2017	1	3	2017-01-03 12:00:00.000	CTY	Sweden	SE	22377.000000	2017-01-03 23:36:20.000
2017	1	3	2017-01-03 14:00:00.000	CTY	Sweden	SE	22813.000000	2017-01-03 23:36:20.000
2017	1	25	2017-01-25 18:00:00.000	CTY	Croatia	HR	2850.000000	2017-01-29 10:04:25.000
2017	1	3	2017-01-03 05:00:00.000	CTY	United Kingdom	GB	26413.000000	2017-04-26 12:59:41.000
2017	1	15	2017-01-15 14:30:00.000	CTY	Netherlands	NL	13376.000000	2017-02-06 10:07:08.000
2017	1	11	2017-01-11 23:45:00.000	CTY	Netherlands	NL	11436.000000	2017-01-30 12:11:41.000
2017	1	12	2017-01-12 20:00:00.000	CTY	Netherlands	NL	15364.000000	2017-01-30 12:13:19.000
2017	1	20	2017-01-20 16:15:00.000	CTY	Netherlands	NL	17516.000000	2017-02-06 11:24:04.000
2017	1	10	2017-01-10 23:30:00.000	CTY	United Kingdom	GB	30826.000000	2017-04-26 12:59:04.000
2017	1	2	2017-01-02 20:30:00.000	CTY	Luxembourg	LU	546.690000	2017-01-02 20:16:01.000
2017	1	23	2017-01-23 08:00:00.000	CTY	Slovakia	SK	4480.000000	2017-01-23 09:10:58.000
2017	1	20	2017-01-20 17:00:00.000	CTY	Sweden	SE	20030.000000	2017-01-20 23:32:58.000
2017	1	27	2017-01-27 02:00:00.000	CTY	Sweden	SE	16947.000000	2017-01-27 23:33:02.000
2017	1	15	2017-01-15 13:00:00.000	CTY	Norway	NO	19427.500000	2017-01-18 21:53:46.000
2017	1	15	2017-01-15 22:00:00.000	CTY	Norway	NO	18947.900000	2017-01-18 21:53:46.000
2017	1	15	2017-01-15 10:00:00.000	CTY	Norway	NO	19789.660000	2017-01-18 21:53:46.000
2017	1	19	2017-01-19 05:00:00.000	CTY	Poland	PL	21664.740000	2017-01-20 06:09:03.000
2017	1	27	2017-01-27 06:00:00.000	CTY	Sweden	SE	21996.000000	2017-01-27 23:33:02.000
2017	1	20	2017-01-20 20:00:00.000	CTY	Sweden	SE	18193.000000	2017-01-20 23:32:58.000
2017	1	5	2017-01-05 21:15:00.000	CTA	CREOS CA	LU	566.480000	2017-01-05 21:15:31.000
2017	1	28	2017-01-28 17:15:00.000	CTA	CREOS CA	LU	517.420000	2017-01-28 17:15:26.000
2017	1	28	2017-01-28 13:45:00.000	CTA	CREOS CA	LU	541.180000	2017-01-28 13:15:25.000
2017	1	21	2017-01-21 15:00:00.000	CTY	Estonia	EE	1172.200000	2017-01-21 16:35:19.000
2017	1	23	2017-01-23 03:00:00.000	CTA	REN CA	PT	4729.300000	2017-05-16 16:38:03.000
2017	1	7	2017-01-07 16:00:00.000	CTY	Belgium	BE	11961.740000	2017-03-08 10:45:09.000
2017	1	7	2017-01-07 21:15:00.000	CTY	Belgium	BE	11022.190000	2017-03-08 10:45:09.000
2017	1	7	2017-01-07 01:45:00.000	CTY	Belgium	BE	10095.550000	2017-03-08 10:45:09.000
2017	1	7	2017-01-07 05:15:00.000	CTY	Belgium	BE	9940.070000	2017-03-08 10:45:09.000
2017	1	1	2017-01-01 06:00:00.000	CTA	CREOS CA	LU	390.500000	2017-01-01 06:15:54.000
2017	1	9	2017-01-09 10:00:00.000	CTA	Transelectrica CA	RO	9130.000000	2017-01-09 11:20:19.000
2017	1	22	2017-01-22 14:00:00.000	CTA	Transelectrica CA	RO	7216.000000	2017-01-22 15:20:18.000
2017	1	5	2017-01-05 19:00:00.000	CTA	Elering CA	EE	1326.100000	2017-01-05 20:35:01.000
2017	1	3	2017-01-03 07:00:00.000	CTA	swissgrid CA	CH	7447.650000	2017-01-24 12:54:11.000
2017	1	1	2017-01-01 20:00:00.000	BZN	Transelectrica BZ	RO	6408.000000	2017-01-01 21:20:38.000
2017	1	30	2017-01-30 15:00:00.000	BZN	Transelectrica BZ	RO	8872.000000	2017-01-30 16:20:27.000
2017	1	20	2017-01-20 15:00:00.000	CTA	Elering CA	EE	1294.700000	2017-01-20 16:35:02.000
2017	1	9	2017-01-09 23:00:00.000	BZN	Transelectrica BZ	RO	7236.000000	2017-01-10 00:20:14.000
2017	1	9	2017-01-09 11:30:00.000	CTA	Amprion CA	DE_Amprion	27303.530000	2017-01-10 22:50:18.000
2017	1	9	2017-01-09 14:30:00.000	CTA	Amprion CA	DE_Amprion	26392.380000	2017-01-10 22:50:18.000
2017	1	21	2017-01-21 19:00:00.000	CTY	Portugal	PT	7612.800000	2017-05-16 16:38:03.000
2017	1	27	2017-01-27 12:00:00.000	CTY	Portugal	PT	7570.300000	2017-05-16 16:38:06.000
2017	1	21	2017-01-21 00:00:00.000	CTY	Portugal	PT	6108.200000	2017-05-16 16:38:03.000
2017	1	21	2017-01-21 22:00:00.000	CTY	Portugal	PT	6813.600000	2017-05-16 16:38:03.000
2017	1	27	2017-01-27 18:00:00.000	CTY	Portugal	PT	7924.500000	2017-05-16 16:38:06.000
2017	1	27	2017-01-27 21:00:00.000	CTY	Portugal	PT	7641.400000	2017-05-16 16:38:06.000
2017	1	27	2017-01-27 15:00:00.000	CTY	Portugal	PT	7426.900000	2017-05-16 16:38:06.000
2017	1	21	2017-01-21 07:00:00.000	CTY	Portugal	PT	5163.800000	2017-05-16 16:38:03.000
2017	1	5	2017-01-05 18:00:00.000	CTY	Slovenia	SI	1998.220000	2017-01-05 19:41:44.000
2017	1	15	2017-01-15 12:00:00.000	CTY	Lithuania	LT	1426.000000	2017-01-15 13:12:39.000
2017	1	16	2017-01-16 03:00:00.000	CTA	Fingrid CA	FI	10678.000000	2017-01-16 04:01:17.000
2017	1	25	2017-01-25 16:00:00.000	CTA	TransnetBW CA	DE_TransnetBW	10059.060000	2017-01-25 23:06:05.000
2017	1	25	2017-01-25 02:30:00.000	CTA	TransnetBW CA	DE_TransnetBW	7512.740000	2017-01-25 23:06:05.000
2017	1	25	2017-01-25 05:15:00.000	CTA	TransnetBW CA	DE_TransnetBW	8624.360000	2017-01-25 23:06:05.000
2017	1	17	2017-01-17 11:00:00.000	BZN	Litgrid BZ	LT	1741.000000	2017-01-17 12:14:29.000
2017	1	18	2017-01-18 07:00:00.000	BZN	Litgrid BZ	LT	1773.000000	2017-01-18 08:11:10.000
2017	1	14	2017-01-14 01:00:00.000	BZN	Cyprus TSO BZ	CY	401.030000	2017-01-14 01:40:45.000
2017	1	23	2017-01-23 07:00:00.000	BZN	National Grid BZ	GB	41904.000000	2017-04-26 12:59:37.000
2017	1	17	2017-01-17 04:30:00.000	BZN	National Grid BZ	GB	26630.000000	2017-04-26 12:59:12.000
2017	1	17	2017-01-17 21:00:00.000	BZN	National Grid BZ	GB	41101.000000	2017-04-26 12:59:12.000
2017	1	23	2017-01-23 06:30:00.000	BZN	National Grid BZ	GB	37762.000000	2017-04-26 12:59:37.000
2017	1	9	2017-01-09 18:00:00.000	CTY	Portugal	PT	7758.600000	2017-05-16 16:37:55.000
2017	1	22	2017-01-22 09:00:00.000	CTY	Portugal	PT	5366.300000	2017-05-16 16:38:14.000
2017	1	22	2017-01-22 04:00:00.000	CTY	Portugal	PT	4609.800000	2017-05-16 16:38:14.000
2017	1	23	2017-01-23 21:00:00.000	CTY	Portugal	PT	7975.400000	2017-05-16 16:38:57.000
2017	1	23	2017-01-23 18:00:00.000	CTY	Portugal	PT	8121.300000	2017-05-16 16:38:57.000
2017	1	16	2017-01-16 13:00:00.000	CTY	Slovenia	SI	1922.680000	2017-01-16 14:45:34.000
2017	1	31	2017-01-31 00:45:00.000	CTY	Luxembourg	LU	499.000000	2017-05-05 12:38:06.000
2017	1	31	2017-01-31 04:15:00.000	CTY	Luxembourg	LU	515.000000	2017-05-05 12:38:06.000
2017	1	31	2017-01-31 03:15:00.000	CTY	Luxembourg	LU	491.000000	2017-05-05 12:38:06.000
2017	1	28	2017-01-28 17:00:00.000	CTY	Slovenia	SI	1850.760000	2017-01-28 18:41:42.000
2017	1	23	2017-01-23 15:00:00.000	CTY	Portugal	PT	7255.200000	2017-05-16 16:38:57.000
2017	1	13	2017-01-13 23:00:00.000	CTY	Portugal	PT	6283.500000	2017-05-16 16:37:54.000
2017	1	2	2017-01-02 08:00:00.000	CTY	Lithuania	LT	1529.000000	2017-01-02 09:11:09.000
2017	1	11	2017-01-11 00:45:00.000	CTY	Hungary	HU	4832.590000	2017-01-11 23:12:53.000
2017	1	2	2017-01-02 18:45:00.000	CTY	Hungary	HU	5691.690000	2017-01-02 23:11:31.000
2017	1	28	2017-01-28 08:30:00.000	CTY	Netherlands	NL	14411.000000	2017-02-20 12:14:10.000
2017	1	6	2017-01-06 11:30:00.000	CTA	Amprion CA	DE_Amprion	25694.620000	2017-01-07 22:50:22.000
2017	1	6	2017-01-06 14:30:00.000	CTA	Amprion CA	DE_Amprion	24525.710000	2017-01-07 22:50:22.000
2017	1	6	2017-01-06 07:15:00.000	CTA	Amprion CA	DE_Amprion	25671.010000	2017-01-07 22:50:22.000
2017	1	6	2017-01-06 17:15:00.000	CTA	Amprion CA	DE_Amprion	26071.250000	2017-01-07 22:50:22.000
2017	1	5	2017-01-05 23:45:00.000	CTA	Amprion CA	DE_Amprion	20331.430000	2017-01-07 22:50:22.000
2017	1	6	2017-01-06 17:00:00.000	CTA	Amprion CA	DE_Amprion	26149.350000	2017-01-07 22:50:22.000
2017	1	13	2017-01-13 03:00:00.000	BZN	SE1 BZ	SE1	1207.000000	2017-01-13 23:35:52.000
2017	1	13	2017-01-13 13:00:00.000	BZN	SE1 BZ	SE1	1361.000000	2017-01-13 23:35:52.000
2017	1	28	2017-01-28 06:30:00.000	CTA	CREOS CA	LU	441.380000	2017-01-28 06:15:45.000
2017	1	29	2017-01-29 21:00:00.000	BZN	NO5 BZ	NO5	2089.370000	2017-02-01 21:51:30.000
2017	1	15	2017-01-15 20:00:00.000	BZN	SE1 BZ	SE1	1258.000000	2017-01-15 23:41:10.000
2017	1	15	2017-01-15 09:00:00.000	BZN	SE1 BZ	SE1	1397.000000	2017-01-15 23:41:10.000
2017	1	15	2017-01-15 06:00:00.000	BZN	SE1 BZ	SE1	1217.000000	2017-01-15 23:41:10.000
2017	1	15	2017-01-15 17:00:00.000	BZN	SE1 BZ	SE1	1393.000000	2017-01-15 23:41:10.000
2017	1	3	2017-01-03 23:45:00.000	CTA	CREOS CA	LU	499.870000	2017-01-03 23:15:49.000
2017	1	10	2017-01-10 14:45:00.000	CTA	CREOS CA	LU	640.320000	2017-01-10 14:15:38.000
2017	1	27	2017-01-27 17:00:00.000	CTA	CREOS CA	LU	596.480000	2017-01-27 17:15:51.000
2017	1	29	2017-01-29 09:30:00.000	CTA	CREOS CA	LU	457.160000	2017-01-29 09:15:27.000
2017	1	29	2017-01-29 09:00:00.000	CTA	CREOS CA	LU	427.880000	2017-01-29 09:15:27.000
2017	1	29	2017-01-29 09:00:00.000	BZN	SE3 BZ	SE3	12011.000000	2017-01-29 23:33:30.000
2017	1	18	2017-01-18 00:45:00.000	CTA	TenneT GER CA	DE_TenneT_GER	15559.470000	2017-01-20 00:04:47.000
2017	1	18	2017-01-18 17:15:00.000	CTA	TenneT GER CA	DE_TenneT_GER	22878.880000	2017-01-20 00:04:47.000
2017	1	26	2017-01-26 19:15:00.000	CTA	CREOS CA	LU	661.960000	2017-01-26 19:15:24.000
2017	1	26	2017-01-26 02:00:00.000	CTA	CREOS CA	LU	506.000000	2017-01-26 02:15:37.000
2017	1	26	2017-01-26 07:00:00.000	CTY	Denmark	DK	5200.390000	2017-01-26 08:46:11.000
2017	1	27	2017-01-27 19:00:00.000	CTY	Serbia	RS	6557.000000	2017-01-28 06:58:21.000
2017	1	15	2017-01-15 09:15:00.000	CTA	CREOS CA	LU	446.030000	2017-01-15 09:15:22.000
2017	1	20	2017-01-20 02:30:00.000	CTY	Austria	AT	7386.400000	2017-05-11 07:55:26.000
2017	1	15	2017-01-15 09:00:00.000	CTA	AST CA	LV	898.000000	2017-01-15 10:01:18.000
2017	1	29	2017-01-29 12:00:00.000	CTY	Switzerland	CH	7399.100000	2017-02-19 11:41:34.000
2017	1	29	2017-01-29 02:00:00.000	CTY	Switzerland	CH	7480.700000	2017-02-19 11:41:34.000
2017	1	5	2017-01-05 15:00:00.000	CTY	Finland	FI	14273.000000	2017-01-05 16:01:21.000
2017	1	23	2017-01-23 20:00:00.000	BZN	National Grid BZ	GB	46749.000000	2017-04-26 12:59:37.000
2017	1	14	2017-01-14 20:00:00.000	BZN	CEPS BZ	CZ	7812.460000	2017-01-14 21:05:50.000
2017	1	23	2017-01-23 16:00:00.000	BZN	NO1 BZ	NO1	6656.010000	2017-01-26 21:51:10.000
2017	1	23	2017-01-23 00:00:00.000	BZN	NO1 BZ	NO1	4674.490000	2017-01-26 21:51:10.000
2017	1	23	2017-01-23 03:00:00.000	BZN	NO1 BZ	NO1	4789.690000	2017-01-26 21:51:10.000
2017	1	12	2017-01-12 07:00:00.000	BZN	NO1 BZ	NO1	6163.720000	2017-01-15 21:51:20.000
2017	1	12	2017-01-12 16:00:00.000	BZN	NO1 BZ	NO1	6137.230000	2017-01-15 21:51:20.000
2017	1	15	2017-01-15 09:00:00.000	BZN	Litgrid BZ	LT	1433.000000	2017-01-15 10:11:15.000
2017	1	27	2017-01-27 23:00:00.000	BZN	DE-AT-LU	DE_AT_LU	64231.910000	2017-05-11 07:53:04.000
2017	1	28	2017-01-28 22:30:00.000	BZN	DE-AT-LU	DE_AT_LU	59861.830000	2017-05-11 07:53:04.000
2017	1	28	2017-01-28 14:45:00.000	BZN	DE-AT-LU	DE_AT_LU	64501.580000	2017-05-11 07:53:04.000
2017	1	28	2017-01-28 15:15:00.000	BZN	DE-AT-LU	DE_AT_LU	64416.160000	2017-05-11 07:53:04.000
2017	1	13	2017-01-13 03:00:00.000	CTA	RTE CA	FR	62257.000000	2017-01-13 04:51:06.000
2017	1	10	2017-01-10 05:00:00.000	CTY	Denmark	DK	4011.740000	2017-01-10 06:46:10.000
2017	1	14	2017-01-14 01:00:00.000	CTA	PSE SA CA	PL	17050.530000	2017-02-16 09:06:15.000
2017	1	23	2017-01-23 06:15:00.000	BZN	DE-AT-LU	DE_AT_LU	80479.680000	2017-05-11 07:53:21.000
2017	1	23	2017-01-23 01:00:00.000	BZN	DE-AT-LU	DE_AT_LU	56701.370000	2017-05-11 07:53:21.000
2017	1	3	2017-01-03 03:45:00.000	BZN	DE-AT-LU	DE_AT_LU	55950.420000	2017-05-11 07:52:50.000
2017	1	23	2017-01-23 20:15:00.000	BZN	DE-AT-LU	DE_AT_LU	74543.190000	2017-05-11 07:53:21.000
2017	1	3	2017-01-03 11:30:00.000	BZN	DE-AT-LU	DE_AT_LU	81124.010000	2017-05-11 07:52:50.000
2017	1	23	2017-01-23 19:45:00.000	BZN	DE-AT-LU	DE_AT_LU	76165.050000	2017-05-11 07:53:21.000
2017	1	25	2017-01-25 10:15:00.000	BZN	DE-AT-LU	DE_AT_LU	85945.020000	2017-05-11 07:53:25.000
2017	1	25	2017-01-25 21:00:00.000	BZN	DE-AT-LU	DE_AT_LU	72922.750000	2017-05-11 07:53:25.000
2017	1	25	2017-01-25 13:15:00.000	BZN	DE-AT-LU	DE_AT_LU	83315.640000	2017-05-11 07:53:25.000
2017	1	31	2017-01-31 00:00:00.000	BZN	SE1 BZ	SE1	1137.000000	2017-02-01 00:51:11.000
2017	1	15	2017-01-15 23:15:00.000	CTA	CREOS CA	LU	523.240000	2017-01-15 23:15:24.000
2017	1	15	2017-01-15 13:45:00.000	CTA	CREOS CA	LU	471.110000	2017-01-15 13:15:25.000
2017	1	15	2017-01-15 11:15:00.000	CTA	CREOS CA	LU	485.700000	2017-01-15 11:15:22.000
2017	1	15	2017-01-15 19:00:00.000	CTA	CREOS CA	LU	548.680000	2017-01-15 19:15:32.000
2017	1	27	2017-01-27 16:00:00.000	BZN	SE3 BZ	SE3	13845.000000	2017-01-27 23:32:56.000
2017	1	27	2017-01-27 13:00:00.000	BZN	SE3 BZ	SE3	13111.000000	2017-01-27 23:32:56.000
2017	1	27	2017-01-27 20:00:00.000	BZN	SE1 BZ	SE1	1195.000000	2017-01-27 23:32:56.000
2017	1	22	2017-01-22 00:00:00.000	CTA	CREOS CA	LU	580.010000	2017-01-22 00:15:41.000
2017	1	9	2017-01-09 20:15:00.000	CTA	CREOS CA	LU	621.580000	2017-01-09 20:15:48.000
2017	1	20	2017-01-20 06:15:00.000	CTA	CREOS CA	LU	511.220000	2017-01-20 06:15:29.000
2017	1	2	2017-01-02 02:00:00.000	BZN	NO5 BZ	NO5	1927.570000	2017-01-05 21:51:17.000
2017	1	5	2017-01-05 09:30:00.000	CTA	CREOS CA	LU	589.940000	2017-01-05 09:15:26.000
2017	1	21	2017-01-21 05:45:00.000	CTA	CREOS CA	LU	494.900000	2017-01-21 05:15:40.000
2017	1	4	2017-01-04 13:00:00.000	CTA	Amprion CA	DE_Amprion	26591.940000	2017-01-05 22:50:16.000
2017	1	4	2017-01-04 01:45:00.000	CTA	Amprion CA	DE_Amprion	20374.840000	2017-01-05 22:50:16.000
2017	1	4	2017-01-04 03:00:00.000	CTA	Amprion CA	DE_Amprion	20705.650000	2017-01-05 22:50:16.000
2017	1	4	2017-01-04 05:15:00.000	CTA	Amprion CA	DE_Amprion	23367.500000	2017-01-05 22:50:16.000
2017	1	4	2017-01-04 16:00:00.000	CTA	Amprion CA	DE_Amprion	26637.750000	2017-01-05 22:50:16.000
2017	1	16	2017-01-16 03:30:00.000	CTY	United Kingdom	GB	27990.000000	2017-04-26 12:58:23.000
2017	1	12	2017-01-12 06:00:00.000	CTY	United Kingdom	GB	29595.000000	2017-04-26 12:59:40.000
2017	1	7	2017-01-07 02:30:00.000	CTY	United Kingdom	GB	28348.000000	2017-04-26 12:59:27.000
2017	1	7	2017-01-07 03:00:00.000	CTY	United Kingdom	GB	28039.000000	2017-04-26 12:59:27.000
2017	1	24	2017-01-24 17:00:00.000	CTY	Bulgaria	BG	6804.000000	2017-05-05 11:08:29.000
2017	1	7	2017-01-07 12:00:00.000	CTY	Sweden	SE	21098.000000	2017-01-07 23:37:31.000
2017	1	7	2017-01-07 14:00:00.000	CTY	Slovakia	SK	3778.000000	2017-01-07 15:11:54.000
2017	1	2	2017-01-02 22:00:00.000	CTA	APG CA	AT	7409.600000	2017-05-11 07:52:27.000
2017	1	3	2017-01-03 08:30:00.000	CTA	APG CA	AT	9164.000000	2017-05-11 07:52:27.000
2017	1	3	2017-01-03 17:15:00.000	CTA	APG CA	AT	9714.000000	2017-05-11 07:52:27.000
2017	1	2	2017-01-02 10:45:00.000	CTA	APG CA	AT	9042.800000	2017-05-11 07:52:27.000
2017	1	3	2017-01-03 11:30:00.000	CTA	APG CA	AT	9102.800000	2017-05-11 07:52:27.000
2017	1	3	2017-01-03 00:45:00.000	CTA	APG CA	AT	6483.600000	2017-05-11 07:52:27.000
2017	1	3	2017-01-03 22:15:00.000	CTA	APG CA	AT	7432.800000	2017-05-11 07:52:27.000
2017	1	2	2017-01-02 19:00:00.000	CTA	APG CA	AT	8508.400000	2017-05-11 07:52:27.000
2017	1	31	2017-01-31 11:00:00.000	BZN	Transelectrica BZ	RO	8671.000000	2017-01-31 12:23:02.000
2017	1	18	2017-01-18 17:00:00.000	CTA	swissgrid CA	CH	9252.420000	2017-02-08 11:43:47.000
2017	1	18	2017-01-18 14:00:00.000	CTA	swissgrid CA	CH	9120.000000	2017-02-08 11:43:47.000
2017	1	18	2017-01-18 20:00:00.000	CTA	swissgrid CA	CH	8508.320000	2017-02-08 11:43:47.000
2017	1	22	2017-01-22 17:00:00.000	BZN	NO4 BZ	NO4	2568.680000	2017-01-25 21:51:19.000
2017	1	18	2017-01-18 19:00:00.000	CTA	swissgrid CA	CH	8989.010000	2017-02-08 11:43:47.000
2017	1	3	2017-01-03 04:15:00.000	CTA	APG CA	AT	6905.600000	2017-05-11 07:52:27.000
2017	1	3	2017-01-03 13:45:00.000	CTA	APG CA	AT	8879.600000	2017-05-11 07:52:27.000
2017	1	2	2017-01-02 13:45:00.000	CTA	APG CA	AT	8756.000000	2017-05-11 07:52:27.000
2017	1	2	2017-01-02 18:30:00.000	CTA	APG CA	AT	8757.200000	2017-05-11 07:52:27.000
2017	1	2	2017-01-02 21:30:00.000	CTA	APG CA	AT	7646.800000	2017-05-11 07:52:27.000
2017	1	7	2017-01-07 22:30:00.000	CTA	APG CA	AT	7283.200000	2017-05-11 07:52:27.000
2017	1	2	2017-01-02 14:15:00.000	CTA	APG CA	AT	8812.800000	2017-05-11 07:52:27.000
2017	1	7	2017-01-07 14:45:00.000	CTA	APG CA	AT	8372.400000	2017-05-11 07:52:27.000
2017	1	22	2017-01-22 03:00:00.000	BZN	NO3 BZ	NO3	2934.070000	2017-01-25 21:51:19.000
2017	1	22	2017-01-22 06:00:00.000	BZN	NO3 BZ	NO3	3001.510000	2017-01-25 21:51:19.000
2017	1	22	2017-01-22 00:00:00.000	CTA	Amprion CA	DE_Amprion	18327.630000	2017-01-23 22:50:20.000
2017	1	22	2017-01-22 04:45:00.000	CTA	Amprion CA	DE_Amprion	17128.410000	2017-01-23 22:50:20.000
2017	1	22	2017-01-22 15:30:00.000	CTA	Amprion CA	DE_Amprion	20020.010000	2017-01-23 22:50:20.000
2017	1	22	2017-01-22 19:15:00.000	CTA	Amprion CA	DE_Amprion	21983.700000	2017-01-23 22:50:20.000
2017	1	29	2017-01-29 22:00:00.000	CTY	Estonia	EE	855.500000	2017-01-29 23:35:04.000
2017	1	30	2017-01-30 18:45:00.000	CTA	50Hertz CA	DE_50HzT	12631.700000	2017-01-30 19:16:56.000
2017	1	12	2017-01-12 11:00:00.000	BZN	IT-North BZ	IT_NORD	25646.000000	2017-01-13 06:00:56.000
2017	1	4	2017-01-04 06:00:00.000	CTY	Denmark	DK	4363.270000	2017-01-04 07:46:10.000
2017	1	17	2017-01-17 03:00:00.000	CTA	PSE SA CA	PL	18048.960000	2017-01-23 10:05:31.000
2017	1	25	2017-01-25 18:00:00.000	BZN	DE-AT-LU	DE_AT_LU	83852.000000	2017-05-11 07:53:25.000
2017	1	5	2017-01-05 14:00:00.000	CTA	RTE CA	FR	76404.000000	2017-01-05 15:51:06.000
2017	1	25	2017-01-25 17:45:00.000	CTY	Luxembourg	LU	672.130000	2017-01-25 17:15:22.000
2017	1	15	2017-01-15 09:00:00.000	CTY	Spain	ES	28842.000000	2017-01-15 10:15:30.000
2017	1	7	2017-01-07 15:30:00.000	CTY	Ireland	IE	3410.020000	2017-04-26 12:58:40.000
2017	1	18	2017-01-18 18:00:00.000	CTY	Ireland	IE	4438.060000	2017-04-26 12:58:36.000
2017	1	7	2017-01-07 00:00:00.000	CTY	Ireland	IE	3177.360000	2017-04-26 12:58:40.000
2017	1	18	2017-01-18 14:30:00.000	CTY	Ireland	IE	3779.370000	2017-04-26 12:58:36.000
2017	1	15	2017-01-15 03:15:00.000	CTY	Hungary	HU	3939.360000	2017-01-15 23:11:35.000
2017	1	25	2017-01-25 12:30:00.000	CTY	Luxembourg	LU	702.570000	2017-01-25 12:15:36.000
2017	1	4	2017-01-04 23:00:00.000	CTY	Czech Republic	CZ	7536.130000	2017-01-05 00:06:21.000
2017	1	24	2017-01-24 13:45:00.000	CTY	Luxembourg	LU	695.800000	2017-01-24 13:15:53.000
2017	1	13	2017-01-13 09:00:00.000	CTY	Ireland	IE	3845.680000	2017-04-26 13:00:09.000
2017	1	29	2017-01-29 07:00:00.000	BZN	RTE BZ	FR	62779.000000	2017-01-29 08:54:07.000
2017	1	23	2017-01-23 08:00:00.000	BZN	DK2 BZ	DK2	2013.080000	2017-01-23 09:46:10.000
2017	1	5	2017-01-05 04:30:00.000	BZN	Elia BZ	BE	9967.590000	2017-03-07 09:38:51.000
2017	1	11	2017-01-11 22:00:00.000	BZN	EMS BZ	RS	7013.000000	2017-01-12 06:59:56.000
2017	1	26	2017-01-26 15:00:00.000	BZN	DK1  BZ	DK1	2892.900000	2017-01-26 16:46:37.000
2017	1	19	2017-01-19 00:00:00.000	BZN	DK2 BZ	DK2	1223.200000	2017-01-19 01:46:08.000
2017	1	12	2017-01-12 03:00:00.000	BZN	IPTO BZ	GR	5390.000000	2017-01-12 09:35:51.000
2017	1	16	2017-01-16 13:00:00.000	BZN	ESO BZ	BG	6566.000000	2017-05-05 11:05:17.000
2017	1	24	2017-01-24 16:00:00.000	BZN	Elia BZ	BE	12907.890000	2017-03-27 14:31:41.000
2017	1	24	2017-01-24 01:45:00.000	BZN	Elia BZ	BE	10396.710000	2017-03-27 14:31:41.000
2017	1	24	2017-01-24 03:00:00.000	BZN	Elia BZ	BE	10275.210000	2017-03-27 14:31:41.000
2017	1	24	2017-01-24 05:15:00.000	BZN	Elia BZ	BE	11748.740000	2017-03-27 14:31:41.000
2017	1	26	2017-01-26 02:00:00.000	BZN	ESO BZ	BG	5125.000000	2017-05-05 11:05:14.000
2017	1	26	2017-01-26 19:00:00.000	BZN	ESO BZ	BG	6489.000000	2017-05-05 11:05:14.000
2017	1	26	2017-01-26 00:00:00.000	BZN	ESO BZ	BG	5092.000000	2017-05-05 11:05:14.000
2017	1	16	2017-01-16 12:00:00.000	BZN	ESO BZ	BG	6554.000000	2017-05-05 11:05:17.000
2017	1	24	2017-01-24 02:00:00.000	BZN	Cyprus TSO BZ	CY	388.800000	2017-01-24 02:40:59.000
2017	1	20	2017-01-20 06:30:00.000	BZN	Cyprus TSO BZ	CY	549.760000	2017-01-20 07:11:09.000
2017	1	27	2017-01-27 17:00:00.000	BZN	RTE BZ	FR	81752.000000	2017-01-27 18:54:09.000
2017	1	21	2017-01-21 13:00:00.000	BZN	Cyprus TSO BZ	CY	497.920000	2017-01-21 13:40:57.000
2017	1	14	2017-01-14 13:00:00.000	BZN	PSE SA BZ	PL	21193.990000	2017-02-16 09:06:36.000
2017	1	14	2017-01-14 17:00:00.000	BZN	PSE SA BZ	PL	22088.100000	2017-02-16 09:06:36.000
2017	1	13	2017-01-13 19:00:00.000	CTA	SONI CA	NIE	1517.000000	2017-01-13 20:16:31.000
2017	1	26	2017-01-26 23:00:00.000	BZN	REN BZ	PT	6648.500000	2017-05-16 16:38:13.000
2017	1	11	2017-01-11 08:00:00.000	BZN	PSE SA BZ	PL	25385.950000	2017-01-12 06:06:17.000
2017	1	8	2017-01-08 09:00:00.000	BZN	MEPSO BZ	MK	1244.000000	2017-01-12 14:38:37.000
2017	1	8	2017-01-08 12:00:00.000	BZN	MEPSO BZ	MK	1282.000000	2017-01-12 14:38:37.000
2017	1	16	2017-01-16 11:45:00.000	CTA	Elia CA	BE	12941.800000	2017-03-17 10:45:07.000
2017	1	16	2017-01-16 08:45:00.000	CTA	Elia CA	BE	13055.690000	2017-03-17 10:45:07.000
2017	1	16	2017-01-16 16:30:00.000	CTA	Elia CA	BE	13598.960000	2017-03-17 10:45:07.000
2017	1	26	2017-01-26 20:00:00.000	CTA	Energinet CA	DK	4171.290000	2017-01-26 21:46:12.000
2017	1	17	2017-01-17 15:30:00.000	CTA	Elia CA	BE	12518.360000	2017-03-18 10:45:07.000
2017	1	17	2017-01-17 08:15:00.000	CTA	Elia CA	BE	13228.580000	2017-03-18 10:45:07.000
2017	1	17	2017-01-17 12:30:00.000	CTA	Elia CA	BE	12625.920000	2017-03-18 10:45:07.000
2017	1	17	2017-01-17 19:00:00.000	CTA	Elia CA	BE	12767.380000	2017-03-18 10:45:07.000
2017	1	17	2017-01-17 04:45:00.000	CTA	Elia CA	BE	10990.030000	2017-03-18 10:45:07.000
2017	1	17	2017-01-17 07:45:00.000	CTA	Elia CA	BE	13180.370000	2017-03-18 10:45:07.000
2017	1	17	2017-01-17 00:00:00.000	CTA	Elia CA	BE	11216.580000	2017-03-18 10:45:07.000
2017	1	16	2017-01-16 23:00:00.000	CTA	Elia CA	BE	11733.420000	2017-03-18 10:45:07.000
2017	1	25	2017-01-25 16:00:00.000	BZN	TenneT NL BZ	NL	17658.000000	2017-02-13 15:04:40.000
2017	1	29	2017-01-29 19:45:00.000	BZN	TenneT NL BZ	NL	13764.000000	2017-02-20 12:31:20.000
2017	1	2	2017-01-02 02:00:00.000	CTA	SONI CA	NIE	684.000000	2017-01-02 03:16:29.000
2017	1	16	2017-01-16 03:00:00.000	BZN	NO5 BZ	NO5	2188.570000	2017-01-19 21:51:17.000
2017	1	16	2017-01-16 17:00:00.000	BZN	NO5 BZ	NO5	2541.690000	2017-01-19 21:51:17.000
2017	1	16	2017-01-16 14:00:00.000	BZN	NO5 BZ	NO5	2549.110000	2017-01-19 21:51:17.000
2017	1	23	2017-01-23 23:00:00.000	BZN	SE3 BZ	SE3	10687.000000	2017-01-26 10:32:33.000
2017	1	11	2017-01-11 04:00:00.000	BZN	SE3 BZ	SE3	11135.000000	2017-01-12 10:30:33.000
2017	1	9	2017-01-09 06:00:00.000	BZN	NO5 BZ	NO5	2235.050000	2017-01-12 21:51:17.000
2017	1	24	2017-01-24 02:00:00.000	BZN	SE4 BZ	SE4	2881.000000	2017-01-26 10:32:33.000
2017	1	24	2017-01-24 17:00:00.000	BZN	SE3 BZ	SE3	14093.000000	2017-01-26 10:32:33.000
2017	1	24	2017-01-24 07:00:00.000	BZN	SE3 BZ	SE3	14100.000000	2017-01-26 10:32:33.000
2017	1	17	2017-01-17 15:00:00.000	BZN	Ireland - (SEM) BZ	IE_SEM	5048.890000	2017-04-26 12:59:25.000
2017	1	14	2017-01-14 14:15:00.000	BZN	Elia BZ	BE	11217.120000	2017-03-15 10:45:19.000
2017	1	14	2017-01-14 08:30:00.000	BZN	Elia BZ	BE	11266.290000	2017-03-15 10:45:19.000
2017	1	14	2017-01-14 22:00:00.000	BZN	Elia BZ	BE	11157.780000	2017-03-15 10:45:19.000
2017	1	31	2017-01-31 16:30:00.000	BZN	Ireland - (SEM) BZ	IE_SEM	5161.930000	2017-04-26 12:58:41.000
2017	1	17	2017-01-17 07:00:00.000	BZN	Ireland - (SEM) BZ	IE_SEM	3923.670000	2017-04-26 12:59:25.000
2017	1	13	2017-01-13 07:00:00.000	BZN	Ireland - (SEM) BZ	IE_SEM	4046.580000	2017-04-26 13:00:09.000
2017	1	15	2017-01-15 18:15:00.000	BZN	Elia BZ	BE	11937.060000	2017-03-16 10:45:11.000
2017	1	15	2017-01-15 14:45:00.000	BZN	Elia BZ	BE	10948.670000	2017-03-16 10:45:11.000
2017	1	15	2017-01-15 15:15:00.000	BZN	Elia BZ	BE	11015.360000	2017-03-16 10:45:11.000
2017	1	26	2017-01-26 12:00:00.000	BZN	IT-South BZ	IT_SUD	3076.000000	2017-01-27 06:00:43.000
2017	1	27	2017-01-27 12:30:00.000	CTY	Luxembourg	LU	602.120000	2017-01-27 12:15:56.000
2017	1	19	2017-01-19 20:00:00.000	CTY	Montenegro	ME	522.060000	2017-01-20 00:30:14.000
2017	1	19	2017-01-19 17:00:00.000	CTY	Montenegro	ME	548.190000	2017-01-20 00:30:14.000
2017	1	19	2017-01-19 07:00:00.000	CTY	Montenegro	ME	482.640000	2017-01-20 00:30:14.000
2017	1	20	2017-01-20 16:00:00.000	CTY	Czech Republic	CZ	10494.520000	2017-01-20 17:11:32.000
2017	1	20	2017-01-20 13:00:00.000	CTY	Czech Republic	CZ	10399.880000	2017-01-20 14:09:07.000
2017	1	20	2017-01-20 18:00:00.000	CTY	France	FR	88627.000000	2017-01-20 19:51:09.000
2017	1	18	2017-01-18 18:00:00.000	CTY	Czech Republic	CZ	10225.620000	2017-01-18 19:07:21.000
2017	1	5	2017-01-05 00:00:00.000	CTY	Italy	IT	22991.000000	2017-01-06 06:01:14.000
2017	1	12	2017-01-12 01:45:00.000	CTY	Luxembourg	LU	452.460000	2017-01-12 01:15:57.000
2017	1	31	2017-01-31 04:45:00.000	CTY	Luxembourg	LU	525.000000	2017-05-05 12:38:06.000
2017	1	7	2017-01-07 14:30:00.000	CTY	Luxembourg	LU	552.200000	2017-01-07 14:16:49.000
2017	1	24	2017-01-24 07:00:00.000	CTY	Finland	FI	11889.000000	2017-01-25 08:31:15.000
2017	1	4	2017-01-04 20:00:00.000	CTY	Spain	ES	35201.000000	2017-01-04 21:16:20.000
2017	1	28	2017-01-28 20:00:00.000	CTA	Statnett CA	NO	17599.150000	2017-01-31 22:38:25.000
2017	1	1	2017-01-01 18:15:00.000	CTA	Amprion CA	DE_Amprion	20470.750000	2017-01-02 22:50:32.000
2017	1	1	2017-01-01 08:15:00.000	CTA	Amprion CA	DE_Amprion	15962.670000	2017-01-02 22:50:32.000
2017	1	1	2017-01-01 12:30:00.000	CTA	Amprion CA	DE_Amprion	18345.140000	2017-01-02 22:50:32.000
2017	1	1	2017-01-01 17:45:00.000	CTA	Amprion CA	DE_Amprion	20352.980000	2017-01-02 22:50:32.000
2017	1	11	2017-01-11 07:00:00.000	CTA	AST CA	LV	1200.000000	2017-01-11 08:01:06.000
2017	1	11	2017-01-11 06:45:00.000	CTA	CREOS CA	LU	511.410000	2017-01-11 06:15:30.000
2017	1	11	2017-01-11 07:00:00.000	CTA	EirGrid CA	IE	3193.250000	2017-01-11 08:19:18.000
2017	1	24	2017-01-24 01:45:00.000	CTA	CREOS CA	LU	537.360000	2017-01-24 01:15:26.000
2017	1	17	2017-01-17 23:15:00.000	CTA	Elia CA	BE	11825.830000	2017-03-19 10:45:06.000
2017	1	18	2017-01-18 08:00:00.000	CTA	Elia CA	BE	13337.850000	2017-03-19 10:45:06.000
2017	1	18	2017-01-18 20:30:00.000	CTA	Elia CA	BE	11873.580000	2017-03-19 10:45:06.000
2017	1	26	2017-01-26 01:00:00.000	BZN	Cyprus TSO BZ	CY	387.020000	2017-01-26 01:41:05.000
2017	1	28	2017-01-28 14:00:00.000	BZN	TenneT NL BZ	NL	13805.000000	2017-02-20 12:16:08.000
2017	1	31	2017-01-31 11:00:00.000	BZN	TenneT NL BZ	NL	17035.000000	2017-02-20 13:27:03.000
2017	1	1	2017-01-01 09:00:00.000	BZN	Cyprus TSO BZ	CY	445.510000	2017-01-01 09:40:41.000
2017	1	31	2017-01-31 04:30:00.000	BZN	TenneT NL BZ	NL	11463.000000	2017-02-20 13:27:03.000
2017	1	31	2017-01-31 13:15:00.000	BZN	TenneT NL BZ	NL	16850.000000	2017-02-20 13:28:13.000
2017	1	20	2017-01-20 01:00:00.000	BZN	swissgrid BZ	CH	7509.980000	2017-02-09 11:44:22.000
2017	1	5	2017-01-05 17:30:00.000	BZN	Cyprus TSO BZ	CY	713.090000	2017-01-05 18:10:49.000
2017	1	5	2017-01-05 20:00:00.000	BZN	Cyprus TSO BZ	CY	633.710000	2017-01-05 20:40:47.000
2017	1	22	2017-01-22 20:45:00.000	BZN	MAVIR BZ	HU	5134.420000	2017-01-22 23:11:29.000
2017	1	9	2017-01-09 08:30:00.000	BZN	Cyprus TSO BZ	CY	602.550000	2017-01-09 09:12:28.000
2017	1	29	2017-01-29 06:00:00.000	BZN	CGES BZ	ME	404.390000	2017-01-30 07:35:07.000
2017	1	1	2017-01-01 10:00:00.000	BZN	DK1  BZ	DK1	1915.910000	2017-01-01 11:46:08.000
2017	1	17	2017-01-17 14:00:00.000	BZN	TenneT NL BZ	NL	16893.000000	2017-02-06 10:36:31.000
2017	1	24	2017-01-24 02:30:00.000	BZN	TenneT NL BZ	NL	11021.000000	2017-02-13 14:49:22.000
2017	1	13	2017-01-13 13:00:00.000	BZN	RTE BZ	FR	76435.000000	2017-01-13 14:36:12.000
2017	1	4	2017-01-04 22:00:00.000	BZN	IPTO BZ	GR	5920.000000	2017-01-04 23:34:57.000
2017	1	2	2017-01-02 05:00:00.000	BZN	CGES BZ	ME	351.420000	2017-01-04 11:09:33.000
2017	1	12	2017-01-12 03:00:00.000	BZN	IT-Sicily BZ	IT_SICI	1516.000000	2017-01-13 06:00:56.000
2017	1	12	2017-01-12 16:00:00.000	BZN	IT-Sicily BZ	IT_SICI	2932.000000	2017-01-13 06:00:56.000
2017	1	12	2017-01-12 04:00:00.000	BZN	IT-Centre-South BZ	IT_CSUD	4363.000000	2017-01-13 06:00:56.000
2017	1	11	2017-01-11 12:00:00.000	BZN	IT-Centre-South BZ	IT_CSUD	7277.000000	2017-01-12 06:00:53.000
2017	1	11	2017-01-11 04:00:00.000	BZN	IT-Centre-South BZ	IT_CSUD	4294.000000	2017-01-12 06:00:53.000
2017	1	11	2017-01-11 16:00:00.000	BZN	IT-South BZ	IT_SUD	4398.000000	2017-01-12 06:00:53.000
2017	1	11	2017-01-11 03:00:00.000	BZN	IT-South BZ	IT_SUD	2284.000000	2017-01-12 06:00:53.000
2017	1	25	2017-01-25 07:00:00.000	BZN	CGES BZ	ME	498.960000	2017-01-26 00:30:50.000
2017	1	11	2017-01-11 09:00:00.000	BZN	IT-Centre-South BZ	IT_CSUD	7788.000000	2017-01-12 06:00:53.000
2017	1	4	2017-01-04 20:00:00.000	BZN	IT-Centre-South BZ	IT_CSUD	6334.000000	2017-01-05 06:00:54.000
2017	1	4	2017-01-04 07:00:00.000	BZN	IT-Centre-South BZ	IT_CSUD	5798.000000	2017-01-05 06:00:54.000
2017	1	4	2017-01-04 10:00:00.000	BZN	IT-Centre-South BZ	IT_CSUD	6445.000000	2017-01-05 06:00:54.000
2017	1	4	2017-01-04 08:00:00.000	BZN	IT-Centre-North BZ	IT_CNOR	4453.000000	2017-01-05 06:00:54.000
2017	1	4	2017-01-04 05:00:00.000	BZN	IT-Centre-North BZ	IT_CNOR	3212.000000	2017-01-05 06:00:54.000
2017	1	4	2017-01-04 21:00:00.000	BZN	IT-Sardinia BZ	IT_SARD	1043.000000	2017-01-05 06:00:54.000
2017	1	29	2017-01-29 01:00:00.000	BZN	ESO BZ	BG	4944.000000	2017-05-05 11:06:01.000
2017	1	29	2017-01-29 04:00:00.000	BZN	ESO BZ	BG	5096.000000	2017-05-05 11:06:01.000
2017	1	4	2017-01-04 09:00:00.000	BZN	ESO BZ	BG	6216.000000	2017-05-05 11:02:00.000
2017	1	4	2017-01-04 12:00:00.000	BZN	ESO BZ	BG	5866.000000	2017-05-05 11:02:00.000
2017	1	15	2017-01-15 05:15:00.000	BZN	Elia BZ	BE	9389.860000	2017-03-16 10:45:11.000
2017	1	15	2017-01-15 22:30:00.000	BZN	Elia BZ	BE	10957.130000	2017-03-16 10:45:11.000
2017	1	7	2017-01-07 19:00:00.000	BZN	Ireland - (SEM) BZ	IE_SEM	5196.490000	2017-04-26 12:59:27.000
2017	1	7	2017-01-07 18:30:00.000	BZN	Ireland - (SEM) BZ	IE_SEM	5314.490000	2017-04-26 12:59:27.000
2017	1	7	2017-01-07 09:30:00.000	BZN	Ireland - (SEM) BZ	IE_SEM	4038.140000	2017-04-26 12:59:27.000
2017	1	18	2017-01-18 23:30:00.000	BZN	Ireland - (SEM) BZ	IE_SEM	4186.830000	2017-04-26 12:59:28.000
2017	1	22	2017-01-22 03:30:00.000	BZN	Elia BZ	BE	9695.620000	2017-03-27 14:31:26.000
2017	1	22	2017-01-22 20:00:00.000	BZN	Elia BZ	BE	11442.130000	2017-03-27 14:31:26.000
2017	1	20	2017-01-20 16:00:00.000	BZN	Elering BZ	EE	1255.800000	2017-01-20 17:35:34.000
2017	1	22	2017-01-22 17:00:00.000	BZN	Elia BZ	BE	11927.800000	2017-03-27 14:31:26.000
2017	1	22	2017-01-22 02:30:00.000	BZN	Elia BZ	BE	9826.050000	2017-03-27 14:31:26.000
2017	1	22	2017-01-22 03:00:00.000	BZN	Elia BZ	BE	9823.790000	2017-03-27 14:31:26.000
2017	1	22	2017-01-22 07:00:00.000	BZN	Elia BZ	BE	10136.030000	2017-03-27 14:31:26.000
2017	1	13	2017-01-13 02:15:00.000	BZN	Elia BZ	BE	10034.080000	2017-03-14 10:45:19.000
2017	1	13	2017-01-13 20:15:00.000	BZN	Elia BZ	BE	11217.920000	2017-03-14 10:45:19.000
2017	1	13	2017-01-13 18:30:00.000	BZN	Elia BZ	BE	12159.660000	2017-03-14 10:45:19.000
2017	1	13	2017-01-13 16:45:00.000	BZN	Elia BZ	BE	12993.600000	2017-03-14 10:45:19.000
2017	1	24	2017-01-24 03:30:00.000	BZN	Ireland - (SEM) BZ	IE_SEM	3221.520000	2017-04-26 12:58:54.000
2017	1	24	2017-01-24 11:30:00.000	BZN	Ireland - (SEM) BZ	IE_SEM	5057.980000	2017-04-26 12:58:54.000
2017	1	24	2017-01-24 14:30:00.000	BZN	Ireland - (SEM) BZ	IE_SEM	4999.390000	2017-04-26 12:58:54.000
2017	1	19	2017-01-19 11:00:00.000	BZN	SEPS BZ	SK	4281.000000	2017-01-19 12:13:09.000
2017	1	30	2017-01-30 08:15:00.000	CTA	Elia CA	BE	12374.250000	2017-03-31 09:45:15.000
2017	1	5	2017-01-05 20:00:00.000	CTA	Elering CA	EE	1248.500000	2017-01-05 21:35:01.000
2017	1	12	2017-01-12 18:30:00.000	CTA	Cyprus TSO CA	CY	708.170000	2017-01-12 19:10:41.000
2017	1	18	2017-01-18 19:00:00.000	BZN	IT-Sardinia BZ	IT_SARD	1292.000000	2017-01-19 06:01:00.000
2017	1	18	2017-01-18 22:00:00.000	BZN	IT-Sardinia BZ	IT_SARD	965.000000	2017-01-19 06:01:00.000
2017	1	3	2017-01-03 17:00:00.000	CTA	Elering CA	EE	1244.500000	2017-01-03 18:35:01.000
2017	1	10	2017-01-10 17:00:00.000	CTA	Elering CA	EE	1270.900000	2017-01-10 18:35:01.000
2017	1	10	2017-01-10 03:00:00.000	BZN	ELES BZ	SI	1408.130000	2017-01-10 04:42:20.000
2017	1	11	2017-01-11 22:30:00.000	CTA	Amprion CA	DE_Amprion	22385.230000	2017-01-12 22:50:22.000
2017	1	11	2017-01-11 14:45:00.000	CTA	Amprion CA	DE_Amprion	27414.250000	2017-01-12 22:50:22.000
2017	1	11	2017-01-11 15:15:00.000	CTA	Amprion CA	DE_Amprion	27052.510000	2017-01-12 22:50:22.000
2017	1	26	2017-01-26 15:00:00.000	CTA	Elering CA	EE	1297.700000	2017-01-26 16:35:01.000
2017	1	19	2017-01-19 15:00:00.000	CTA	50Hertz CA	DE_50HzT	12107.700000	2017-01-19 15:31:46.000
2017	1	26	2017-01-26 00:30:00.000	CTA	50Hertz CA	DE_50HzT	9221.440000	2017-01-26 01:01:43.000
2017	1	19	2017-01-19 05:00:00.000	CTA	AST CA	LV	1000.000000	2017-01-19 06:01:06.000
2017	1	26	2017-01-26 07:00:00.000	CTA	AST CA	LV	1181.000000	2017-01-26 08:01:10.000
2017	1	5	2017-01-05 18:00:00.000	CTA	MEPSO CA	MK	1218.000000	2017-01-12 14:38:07.000
2017	1	18	2017-01-18 23:00:00.000	CTA	50Hertz CA	DE_50HzT	10295.400000	2017-01-19 01:31:49.000
2017	1	23	2017-01-23 06:00:00.000	CTA	Statnett CA	NO	19948.790000	2017-01-26 21:53:29.000
2017	1	23	2017-01-23 03:00:00.000	CTA	Statnett CA	NO	16248.190000	2017-01-26 21:53:29.000
2017	1	24	2017-01-24 17:30:00.000	CTA	EirGrid CA	IE	4403.460000	2017-01-24 18:19:15.000
2017	1	30	2017-01-30 18:30:00.000	CTA	TenneT NL CA	NL	16728.000000	2017-02-20 12:50:38.000
2017	1	26	2017-01-26 16:15:00.000	CTA	TenneT NL CA	NL	17676.000000	2017-02-13 15:19:19.000
2017	1	8	2017-01-08 19:15:00.000	CTA	TenneT NL CA	NL	14136.000000	2017-01-30 11:13:02.000
2017	1	8	2017-01-08 13:15:00.000	CTA	TenneT NL CA	NL	13545.000000	2017-01-30 11:12:13.000
2017	1	22	2017-01-22 20:15:00.000	CTA	TenneT NL CA	NL	13760.000000	2017-02-13 14:18:18.000
2017	1	6	2017-01-06 01:00:00.000	CTA	National Grid CA	GB	31353.000000	2017-01-06 01:41:13.000
2017	1	15	2017-01-15 20:00:00.000	CTA	50Hertz CA	DE_50HzT	9986.560000	2017-01-15 20:31:48.000
2017	1	31	2017-01-31 12:30:00.000	CTA	TenneT NL CA	NL	16875.000000	2017-02-20 13:26:26.000
2017	1	31	2017-01-31 21:30:00.000	CTA	TenneT NL CA	NL	13256.000000	2017-02-20 13:29:20.000
2017	1	9	2017-01-09 11:30:00.000	CTA	TenneT NL CA	NL	17015.000000	2017-01-30 11:28:05.000
2017	1	23	2017-01-23 14:45:00.000	CTA	TenneT NL CA	NL	17432.000000	2017-02-13 14:33:09.000
2017	1	23	2017-01-23 15:15:00.000	CTA	TenneT NL CA	NL	17472.000000	2017-02-13 14:33:09.000
2017	1	8	2017-01-08 00:15:00.000	CTA	TenneT NL CA	NL	10668.000000	2017-01-30 11:10:13.000
2017	1	7	2017-01-07 20:00:00.000	CTA	RTE CA	FR	76059.000000	2017-01-07 21:51:10.000
2017	1	29	2017-01-29 01:00:00.000	CTA	RTE CA	FR	64514.000000	2017-01-29 02:49:07.000
2017	1	18	2017-01-18 22:00:00.000	BZN	IT-Centre-South BZ	IT_CSUD	5129.000000	2017-01-19 06:01:00.000
2017	1	18	2017-01-18 19:00:00.000	BZN	IT-Centre-South BZ	IT_CSUD	7201.000000	2017-01-19 06:01:00.000
2017	1	18	2017-01-18 04:00:00.000	BZN	IT-North BZ	IT_NORD	16394.000000	2017-01-19 06:01:00.000
2017	1	19	2017-01-19 07:00:00.000	BZN	Cyprus TSO BZ	CY	521.920000	2017-01-19 07:40:52.000
2017	1	19	2017-01-19 18:00:00.000	BZN	IT-North BZ	IT_NORD	25564.000000	2017-01-20 06:00:53.000
2017	1	19	2017-01-19 15:00:00.000	BZN	IT-North BZ	IT_NORD	25936.000000	2017-01-20 06:00:53.000
2017	1	18	2017-01-18 20:00:00.000	BZN	Fingrid BZ	FI	10954.000000	2017-01-18 21:01:21.000
2017	1	20	2017-01-20 20:00:00.000	BZN	Fingrid BZ	FI	11204.000000	2017-01-20 21:01:22.000
2017	1	20	2017-01-20 09:30:00.000	BZN	Cyprus TSO BZ	CY	504.780000	2017-01-20 10:13:59.000
2017	1	19	2017-01-19 17:00:00.000	BZN	IT-South BZ	IT_SUD	4046.000000	2017-01-20 06:00:53.000
2017	1	19	2017-01-19 14:00:00.000	BZN	IT-South BZ	IT_SUD	3576.000000	2017-01-20 06:00:53.000
2017	1	14	2017-01-14 23:00:00.000	BZN	ESO BZ	BG	4949.000000	2017-05-05 11:06:13.000
2017	1	15	2017-01-15 19:00:00.000	BZN	ESO BZ	BG	6126.000000	2017-05-05 11:06:13.000
2017	1	19	2017-01-19 00:00:00.000	BZN	CGES BZ	ME	421.330000	2017-01-20 00:30:14.000
2017	1	15	2017-01-15 18:00:00.000	CTY	Austria	AT	8169.600000	2017-05-11 07:53:19.000
2017	1	21	2017-01-21 06:45:00.000	CTY	Austria	AT	8579.200000	2017-05-11 07:53:52.000
2017	1	18	2017-01-18 04:00:00.000	CTY	Austria	AT	7570.400000	2017-05-11 07:52:48.000
2017	1	8	2017-01-08 01:00:00.000	CTY	Finland	FI	10160.000000	2017-01-08 02:01:22.000
2017	1	25	2017-01-25 12:00:00.000	CTA	CREOS CA	LU	723.530000	2017-01-25 12:15:32.000
2017	1	16	2017-01-16 02:00:00.000	CTY	Belgium	BE	9782.180000	2017-03-17 10:45:10.000
2017	1	16	2017-01-16 05:00:00.000	CTY	Belgium	BE	11055.290000	2017-03-17 10:45:10.000
2017	1	16	2017-01-16 08:00:00.000	CTY	Belgium	BE	12944.960000	2017-03-17 10:45:10.000
2017	1	16	2017-01-16 20:30:00.000	CTY	Belgium	BE	11828.830000	2017-03-17 10:45:10.000
2017	1	16	2017-01-16 01:30:00.000	CTY	Belgium	BE	9860.580000	2017-03-17 10:45:10.000
2017	1	16	2017-01-16 22:45:00.000	CTY	Belgium	BE	11933.000000	2017-03-17 10:45:10.000
2017	1	15	2017-01-15 23:15:00.000	CTY	Belgium	BE	10587.870000	2017-03-17 10:45:10.000
2017	1	12	2017-01-12 14:00:00.000	CTA	AST CA	LV	1179.000000	2017-01-12 15:01:08.000
2017	1	19	2017-01-19 03:00:00.000	CTA	AST CA	LV	725.000000	2017-01-19 04:01:07.000
2017	1	10	2017-01-10 21:15:00.000	CTY	Austria	AT	8675.200000	2017-05-10 15:21:37.000
2017	1	10	2017-01-10 09:15:00.000	CTY	Austria	AT	10357.600000	2017-05-10 15:21:37.000
2017	1	1	2017-01-01 08:00:00.000	CTY	France	FR	66246.000000	2017-01-01 09:51:14.000
2017	1	28	2017-01-28 01:00:00.000	CTY	Switzerland	CH	8146.680000	2017-02-18 11:41:49.000
2017	1	15	2017-01-15 16:00:00.000	CTY	France	FR	70218.000000	2017-01-15 17:51:09.000
2017	1	2	2017-01-02 01:30:00.000	CTY	United Kingdom	GB	28686.000000	2017-04-26 12:59:31.000
2017	1	2	2017-01-02 00:00:00.000	CTY	United Kingdom	GB	28544.000000	2017-04-26 12:59:31.000
2017	1	16	2017-01-16 20:00:00.000	CTY	United Kingdom	GB	45262.000000	2017-04-26 12:58:23.000
2017	1	2	2017-01-02 02:00:00.000	CTY	United Kingdom	GB	27922.000000	2017-04-26 12:59:31.000
2017	1	21	2017-01-21 03:00:00.000	CTA	RTE CA	FR	74304.000000	2017-01-21 04:36:06.000
2017	1	19	2017-01-19 00:30:00.000	CTA	EirGrid CA	IE	2906.930000	2017-01-19 01:19:03.000
2017	1	4	2017-01-04 18:45:00.000	CTA	MAVIR CA	HU	5830.040000	2017-01-04 23:11:15.000
2017	1	13	2017-01-13 02:15:00.000	CTA	TenneT GER CA	DE_TenneT_GER	15179.620000	2017-01-15 00:03:12.000
2017	1	13	2017-01-13 13:00:00.000	CTA	TenneT GER CA	DE_TenneT_GER	22303.040000	2017-01-15 00:03:12.000
2017	1	8	2017-01-08 23:45:00.000	CTA	50Hertz CA	DE_50HzT	8529.720000	2017-01-09 00:16:56.000
2017	1	19	2017-01-19 17:00:00.000	CTY	Switzerland	CH	9204.640000	2017-02-09 11:44:27.000
2017	1	5	2017-01-05 04:00:00.000	CTA	Transelectrica CA	RO	7051.000000	2017-01-05 05:20:26.000
2017	1	28	2017-01-28 09:00:00.000	CTA	SvK CA	SE	20299.000000	2017-01-28 23:39:35.000
2017	1	22	2017-01-22 09:00:00.000	CTY	Estonia	EE	1034.700000	2017-01-22 10:35:57.000
2017	1	22	2017-01-22 04:00:00.000	CTA	SEPS CA	SK	3274.000000	2017-01-22 05:10:06.000
2017	1	2	2017-01-02 19:00:00.000	CTY	Switzerland	CH	7320.370000	2017-01-23 11:40:20.000
2017	1	9	2017-01-09 12:00:00.000	CTA	EirGrid CA	IE	3748.220000	2017-01-09 13:19:16.000
2017	1	20	2017-01-20 08:00:00.000	CTY	Switzerland	CH	9345.590000	2017-02-09 11:44:22.000
2017	1	14	2017-01-14 18:45:00.000	CTA	Elia CA	BE	11636.320000	2017-03-15 10:45:16.000
2017	1	13	2017-01-13 23:00:00.000	CTA	Elia CA	BE	10930.950000	2017-03-15 10:45:16.000
2017	1	14	2017-01-14 15:45:00.000	CTA	Elia CA	BE	11378.680000	2017-03-15 10:45:16.000
2017	1	14	2017-01-14 19:15:00.000	CTA	Elia CA	BE	11220.270000	2017-03-15 10:45:16.000
2017	1	24	2017-01-24 21:15:00.000	CTA	APG CA	AT	8619.200000	2017-05-11 07:52:38.000
2017	1	17	2017-01-17 21:00:00.000	BZN	ELES BZ	SI	1652.530000	2017-01-18 03:07:17.000
2017	1	31	2017-01-31 04:15:00.000	CTA	CREOS CA	LU	515.000000	2017-05-05 12:36:09.000
2017	1	31	2017-01-31 11:30:00.000	CTA	CREOS CA	LU	669.000000	2017-05-05 12:36:09.000
2017	1	27	2017-01-27 17:00:00.000	BZN	SE1 BZ	SE1	1330.000000	2017-01-27 23:32:56.000
2017	1	27	2017-01-27 07:00:00.000	BZN	SE1 BZ	SE1	1300.000000	2017-01-27 23:32:56.000
2017	1	27	2017-01-27 00:30:00.000	CTA	CREOS CA	LU	523.600000	2017-01-27 00:15:44.000
2017	1	27	2017-01-27 20:00:00.000	CTA	CREOS CA	LU	592.330000	2017-01-27 20:15:50.000
2017	1	27	2017-01-27 03:00:00.000	BZN	SE3 BZ	SE3	10652.000000	2017-01-27 23:32:56.000
2017	1	20	2017-01-20 13:30:00.000	CTA	CREOS CA	LU	623.020000	2017-01-20 13:15:25.000
2017	1	6	2017-01-06 10:00:00.000	CTA	REN CA	PT	7110.100000	2017-05-16 16:37:51.000
2017	1	11	2017-01-11 08:00:00.000	CTA	REN CA	PT	6818.200000	2017-05-16 16:37:49.000
2017	1	8	2017-01-08 01:00:00.000	CTA	REN CA	PT	4877.900000	2017-05-16 16:37:49.000
2017	1	12	2017-01-12 01:00:00.000	CTA	REN CA	PT	5179.100000	2017-05-16 16:37:49.000
2017	1	6	2017-01-06 13:00:00.000	CTA	REN CA	PT	6761.300000	2017-05-16 16:37:51.000
2017	1	7	2017-01-07 08:00:00.000	CTA	CREOS CA	LU	488.210000	2017-01-07 08:15:40.000
2017	1	29	2017-01-29 13:00:00.000	CTA	CREOS CA	LU	518.870000	2017-01-29 13:15:22.000
2017	1	8	2017-01-08 22:00:00.000	BZN	NO5 BZ	NO5	1996.880000	2017-01-11 21:51:08.000
2017	1	24	2017-01-24 16:15:00.000	CTA	CREOS CA	LU	662.980000	2017-01-24 16:32:58.000
2017	1	22	2017-01-22 13:00:00.000	CTA	TenneT GER CA	DE_TenneT_GER	15759.220000	2017-01-24 00:06:27.000
2017	1	21	2017-01-21 23:00:00.000	CTA	TenneT GER CA	DE_TenneT_GER	15188.670000	2017-01-24 00:06:27.000
2017	1	22	2017-01-22 04:45:00.000	CTA	TenneT GER CA	DE_TenneT_GER	13092.420000	2017-01-24 00:06:27.000
2017	1	8	2017-01-08 00:30:00.000	CTA	Amprion CA	DE_Amprion	18105.990000	2017-01-09 22:50:29.000
2017	1	9	2017-01-09 08:00:00.000	BZN	SE1 BZ	SE1	1291.000000	2017-01-09 23:31:37.000
2017	1	8	2017-01-08 23:00:00.000	BZN	SE1 BZ	SE1	1179.000000	2017-01-09 23:31:37.000
2017	1	28	2017-01-28 07:00:00.000	CTY	Italy	IT	34963.000000	2017-01-29 06:01:09.000
2017	1	21	2017-01-21 02:00:00.000	CTY	United Kingdom	GB	29750.000000	2017-04-26 12:59:16.000
2017	1	19	2017-01-19 00:00:00.000	CTY	Slovakia	SK	3542.000000	2017-01-19 01:12:15.000
2017	1	3	2017-01-03 04:00:00.000	CTY	Slovakia	SK	3348.000000	2017-01-03 12:24:44.000
2017	1	3	2017-01-03 01:00:00.000	CTY	Slovakia	SK	3145.000000	2017-01-03 12:24:44.000
2017	1	3	2017-01-03 03:00:00.000	CTY	Slovakia	SK	3221.000000	2017-01-03 12:24:44.000
2017	1	3	2017-01-03 15:00:00.000	CTY	Greece	GR	7530.000000	2017-01-03 16:34:58.000
2017	1	14	2017-01-14 21:00:00.000	BZN	CGES BZ	ME	513.170000	2017-01-15 00:30:30.000
2017	1	14	2017-01-14 11:00:00.000	BZN	CGES BZ	ME	516.890000	2017-01-15 00:30:30.000
2017	1	15	2017-01-15 01:00:00.000	BZN	DK1  BZ	DK1	1645.450000	2017-01-15 02:46:09.000
2017	1	17	2017-01-17 00:00:00.000	BZN	Cyprus TSO BZ	CY	406.100000	2017-01-17 00:40:49.000
2017	1	16	2017-01-16 15:00:00.000	BZN	CGES BZ	ME	545.100000	2017-01-17 00:30:48.000
2017	1	11	2017-01-11 02:00:00.000	BZN	MEPSO BZ	MK	1036.000000	2017-01-12 14:38:15.000
2017	1	17	2017-01-17 15:30:00.000	BZN	Cyprus TSO BZ	CY	681.450000	2017-01-17 16:14:17.000
2017	1	17	2017-01-17 22:00:00.000	BZN	Cyprus TSO BZ	CY	486.570000	2017-01-17 22:40:51.000
2017	1	17	2017-01-17 08:00:00.000	BZN	DK1  BZ	DK1	3125.610000	2017-01-17 09:46:09.000
2017	1	26	2017-01-26 04:00:00.000	BZN	EMS BZ	RS	5378.000000	2017-01-27 06:58:22.000
2017	1	26	2017-01-26 01:00:00.000	BZN	EMS BZ	RS	5550.000000	2017-01-27 06:58:22.000
2017	1	20	2017-01-20 04:00:00.000	BZN	Cyprus TSO BZ	CY	436.730000	2017-01-20 04:40:57.000
2017	1	18	2017-01-18 21:30:00.000	BZN	Cyprus TSO BZ	CY	526.290000	2017-01-18 22:12:04.000
2017	1	17	2017-01-17 14:30:00.000	BZN	Cyprus TSO BZ	CY	578.820000	2017-01-17 15:10:52.000
2017	1	17	2017-01-17 18:00:00.000	BZN	RTE BZ	FR	89723.000000	2017-01-17 19:51:17.000
2017	1	2	2017-01-02 08:00:00.000	BZN	Cyprus TSO BZ	CY	544.980000	2017-01-02 08:40:42.000
2017	1	15	2017-01-15 07:00:00.000	BZN	DK2 BZ	DK2	1495.810000	2017-01-15 08:46:09.000
2017	1	11	2017-01-11 01:15:00.000	CTY	Belgium	BE	9905.720000	2017-03-12 10:45:19.000
2017	1	11	2017-01-11 12:00:00.000	CTY	Belgium	BE	12040.630000	2017-03-12 10:45:19.000
2017	1	10	2017-01-10 23:45:00.000	CTY	Belgium	BE	10547.090000	2017-03-12 10:45:19.000
2017	1	11	2017-01-11 16:45:00.000	CTY	Belgium	BE	12692.270000	2017-03-12 10:45:19.000
2017	1	21	2017-01-21 02:00:00.000	CTA	Statnett CA	NO	15131.800000	2017-01-24 21:53:45.000
2017	1	21	2017-01-21 05:00:00.000	CTA	Statnett CA	NO	15963.630000	2017-01-24 21:53:45.000
2017	1	28	2017-01-28 17:30:00.000	CTY	Belgium	BE	11414.460000	2017-03-29 13:37:51.000
2017	1	28	2017-01-28 10:15:00.000	CTY	Belgium	BE	11091.520000	2017-03-29 13:37:51.000
2017	1	28	2017-01-28 04:30:00.000	CTY	Belgium	BE	9233.070000	2017-03-29 13:37:51.000
2017	1	28	2017-01-28 09:45:00.000	CTY	Belgium	BE	11032.150000	2017-03-29 13:37:51.000
2017	1	28	2017-01-28 21:00:00.000	CTY	Belgium	BE	10165.910000	2017-03-29 13:37:51.000
2017	1	25	2017-01-25 04:00:00.000	CTA	Statnett CA	NO	16750.910000	2017-01-28 21:53:14.000
2017	1	8	2017-01-08 20:00:00.000	CTA	MAVIR CA	HU	5392.870000	2017-01-10 09:49:15.000
2017	1	21	2017-01-21 02:00:00.000	CTA	REN CA	PT	5266.000000	2017-05-16 16:38:00.000
2017	1	4	2017-01-04 05:30:00.000	CTA	MAVIR CA	HU	5431.630000	2017-01-04 23:11:15.000
2017	1	21	2017-01-21 12:00:00.000	CTA	REN CA	PT	6495.200000	2017-05-16 16:38:00.000
2017	1	26	2017-01-26 11:00:00.000	CTY	Netherlands	NL	16911.000000	2017-02-13 15:18:52.000
2017	1	29	2017-01-29 21:30:00.000	CTY	Netherlands	NL	12354.000000	2017-02-20 12:31:16.000
2017	1	28	2017-01-28 18:30:00.000	CTY	Netherlands	NL	14471.000000	2017-02-20 12:16:21.000
2017	1	27	2017-01-27 22:00:00.000	CTY	Former Yugoslav Republic of Macedonia	MK	1326.000000	2017-01-30 13:26:23.000
2017	1	29	2017-01-29 00:45:00.000	CTY	Netherlands	NL	10344.000000	2017-02-20 12:28:29.000
2017	1	1	2017-01-01 22:00:00.000	CTY	Romania	RO	5851.000000	2017-01-01 23:20:22.000
2017	1	30	2017-01-30 01:00:00.000	CTY	Romania	RO	6340.000000	2017-01-30 02:20:25.000
2017	1	1	2017-01-01 17:00:00.000	CTY	Romania	RO	6998.000000	2017-01-01 18:20:30.000
2017	1	22	2017-01-22 11:30:00.000	CTY	Netherlands	NL	13055.000000	2017-02-13 14:18:21.000
2017	1	25	2017-01-25 10:15:00.000	CTY	Netherlands	NL	17598.000000	2017-02-13 15:08:39.000
2017	1	28	2017-01-28 00:00:00.000	CTY	Croatia	HR	1866.000000	2017-02-01 10:04:32.000
2017	1	27	2017-01-27 23:00:00.000	CTY	Croatia	HR	2044.000000	2017-02-01 10:04:32.000
2017	1	31	2017-01-31 23:00:00.000	CTY	Slovenia	SI	1426.610000	2017-02-01 00:47:26.000
2017	1	15	2017-01-15 20:00:00.000	CTY	Slovenia	SI	1577.720000	2017-01-15 21:43:23.000
2017	1	30	2017-01-30 23:00:00.000	CTY	Former Yugoslav Republic of Macedonia	MK	1010.000000	2017-02-01 10:39:20.000
2017	1	31	2017-01-31 05:00:00.000	CTY	Former Yugoslav Republic of Macedonia	MK	829.000000	2017-02-01 10:39:20.000
2017	1	31	2017-01-31 02:00:00.000	CTY	Former Yugoslav Republic of Macedonia	MK	746.000000	2017-02-01 10:39:20.000
2017	1	13	2017-01-13 18:00:00.000	CTY	Netherlands	NL	16896.000000	2017-01-30 12:29:19.000
2017	1	13	2017-01-13 17:30:00.000	CTY	Netherlands	NL	17298.000000	2017-01-30 12:28:04.000
2017	1	7	2017-01-07 23:45:00.000	CTY	Netherlands	NL	10914.000000	2017-01-30 11:11:05.000
2017	1	15	2017-01-15 17:45:00.000	CTA	CREOS CA	LU	524.330000	2017-01-15 17:15:38.000
2017	1	3	2017-01-03 11:00:00.000	CTA	Litgrid CA	LT	1588.000000	2017-01-03 12:11:09.000
2017	1	3	2017-01-03 09:00:00.000	CTA	AST CA	LV	1064.000000	2017-01-03 10:01:15.000
2017	1	26	2017-01-26 01:00:00.000	CTA	REE CA	ES	26041.000000	2017-01-26 02:15:25.000
2017	1	12	2017-01-12 21:15:00.000	BZN	DE-AT-LU	DE_AT_LU	69790.930000	2017-05-10 15:22:41.000
2017	1	29	2017-01-29 22:00:00.000	CTA	PSE SA CA	PL	17218.460000	2017-01-30 06:05:59.000
2017	1	12	2017-01-12 11:00:00.000	CTY	Austria	AT	10013.200000	2017-05-10 15:22:41.000
2017	1	11	2017-01-11 21:15:00.000	BZN	DE-AT-LU	DE_AT_LU	73519.200000	2017-05-10 15:22:07.000
2017	1	7	2017-01-07 18:00:00.000	CTA	HOPS CA	HR	2752.000000	2017-01-11 10:04:19.000
2017	1	7	2017-01-07 07:00:00.000	CTA	HOPS CA	HR	2296.000000	2017-01-11 10:04:19.000
2017	1	3	2017-01-03 08:00:00.000	BZN	IT-Centre-North BZ	IT_CNOR	4430.000000	2017-01-04 06:00:53.000
2017	1	21	2017-01-21 08:00:00.000	CTA	AST CA	LV	930.000000	2017-01-21 09:01:07.000
2017	1	16	2017-01-16 06:30:00.000	CTA	CREOS CA	LU	508.700000	2017-01-16 06:15:26.000
2017	1	24	2017-01-24 01:00:00.000	CTY	Switzerland	CH	7711.820000	2017-02-14 11:41:07.000
2017	1	2	2017-01-02 18:15:00.000	CTA	CREOS CA	LU	595.410000	2017-01-02 18:15:40.000
2017	1	3	2017-01-03 21:15:00.000	CTY	Austria	AT	7961.200000	2017-05-11 07:52:50.000
2017	1	3	2017-01-03 00:00:00.000	CTA	CREOS CA	LU	502.460000	2017-01-03 00:15:34.000
2017	1	19	2017-01-19 01:45:00.000	CTA	CREOS CA	LU	487.660000	2017-01-19 01:15:31.000
2017	1	25	2017-01-25 23:00:00.000	CTY	France	FR	82221.000000	2017-01-26 00:46:09.000
2017	1	24	2017-01-24 19:00:00.000	CTY	France	FR	85240.000000	2017-01-24 20:51:18.000
2017	1	6	2017-01-06 17:00:00.000	CTY	Denmark	DK	5136.180000	2017-01-06 18:46:11.000
2017	1	6	2017-01-06 20:00:00.000	CTY	Denmark	DK	4092.420000	2017-01-06 21:46:11.000
2017	1	11	2017-01-11 10:00:00.000	CTA	AST CA	LV	1138.000000	2017-01-11 11:01:08.000
2017	1	6	2017-01-06 03:00:00.000	CTY	Lithuania	LT	1236.000000	2017-01-06 04:14:52.000
2017	1	4	2017-01-04 15:00:00.000	CTY	Italy	IT	37486.000000	2017-01-05 06:01:06.000
2017	1	21	2017-01-21 21:00:00.000	CTY	Lithuania	LT	1198.000000	2017-01-21 22:15:53.000
2017	1	1	2017-01-01 10:00:00.000	CTY	Poland	PL	15093.860000	2017-01-02 06:05:40.000
2017	1	28	2017-01-28 20:00:00.000	CTY	France	FR	66904.000000	2017-01-28 21:34:23.000
2017	1	28	2017-01-28 07:00:00.000	CTY	France	FR	68191.000000	2017-01-28 08:34:13.000
2017	1	5	2017-01-05 02:30:00.000	CTY	Ireland	IE	2693.240000	2017-04-26 12:59:55.000
2017	1	5	2017-01-05 03:00:00.000	CTY	Ireland	IE	2627.330000	2017-04-26 12:59:55.000
2017	1	7	2017-01-07 21:00:00.000	CTY	Luxembourg	LU	552.630000	2017-01-07 21:16:15.000
2017	1	9	2017-01-09 18:30:00.000	CTY	Ireland	IE	4404.690000	2017-04-26 12:58:33.000
2017	1	12	2017-01-12 15:30:00.000	CTY	Ireland	IE	3974.900000	2017-04-26 12:58:33.000
2017	1	12	2017-01-12 00:00:00.000	CTY	Ireland	IE	3114.700000	2017-04-26 12:58:33.000
2017	1	9	2017-01-09 04:00:00.000	CTY	Ireland	IE	2354.890000	2017-04-26 12:58:33.000
2017	1	9	2017-01-09 10:30:00.000	CTY	Ireland	IE	3754.530000	2017-04-26 12:58:33.000
2017	1	5	2017-01-05 10:30:00.000	CTY	Ireland	IE	3906.770000	2017-04-26 12:59:55.000
2017	1	5	2017-01-05 13:30:00.000	CTY	Ireland	IE	3964.850000	2017-04-26 12:59:55.000
2017	1	5	2017-01-05 17:00:00.000	CTY	Ireland	IE	4433.640000	2017-04-26 12:59:55.000
2017	1	30	2017-01-30 06:00:00.000	CTY	Luxembourg	LU	470.490000	2017-01-30 06:15:45.000
2017	1	29	2017-01-29 06:00:00.000	CTY	Montenegro	ME	404.390000	2017-01-30 07:35:07.000
2017	1	18	2017-01-18 12:45:00.000	CTA	Elia CA	BE	12793.690000	2017-03-19 10:45:06.000
2017	1	28	2017-01-28 06:00:00.000	CTA	Fingrid CA	FI	10556.000000	2017-01-28 07:03:14.000
2017	1	10	2017-01-10 18:45:00.000	CTA	50Hertz CA	DE_50HzT	12787.200000	2017-01-10 19:16:45.000
2017	1	28	2017-01-28 17:45:00.000	CTA	Elia CA	BE	11368.650000	2017-03-29 13:37:41.000
2017	1	28	2017-01-28 19:00:00.000	CTA	Elia CA	BE	10745.960000	2017-03-29 13:37:41.000
2017	1	26	2017-01-26 04:45:00.000	CTA	Elia CA	BE	10959.590000	2017-03-27 14:31:22.000
2017	1	28	2017-01-28 00:00:00.000	CTA	Elia CA	BE	10198.100000	2017-03-29 13:37:41.000
2017	1	25	2017-01-25 23:00:00.000	CTA	Elia CA	BE	11735.900000	2017-03-27 14:31:22.000
2017	1	24	2017-01-24 11:45:00.000	CTA	Elia CA	BE	13054.540000	2017-03-27 14:31:22.000
2017	1	28	2017-01-28 21:15:00.000	CTA	Elia CA	BE	10344.720000	2017-03-29 13:37:41.000
2017	1	29	2017-01-29 15:30:00.000	CTA	Elia CA	BE	9916.310000	2017-03-30 09:45:15.000
2017	1	29	2017-01-29 11:15:00.000	CTA	Elia CA	BE	10796.040000	2017-03-30 09:45:15.000
2017	1	29	2017-01-29 22:00:00.000	CTA	Elia CA	BE	10600.470000	2017-03-30 09:45:15.000
2017	1	20	2017-01-20 15:30:00.000	CTA	TransnetBW CA	DE_TransnetBW	9603.390000	2017-01-20 23:06:06.000
2017	1	20	2017-01-20 00:00:00.000	CTA	TransnetBW CA	DE_TransnetBW	7637.650000	2017-01-20 23:06:06.000
2017	1	20	2017-01-20 18:15:00.000	CTA	TransnetBW CA	DE_TransnetBW	9779.250000	2017-01-20 23:06:06.000
2017	1	1	2017-01-01 12:15:00.000	CTA	Elia CA	BE	9702.530000	2017-03-02 10:45:16.000
